id,title,category,source,url,asking_price_aud,revenue_aud,ebitda_aud,location,lat,lon,ownership,days_on_market,date_listed,notes,contact,score,features
CRE Brokers-1800457,Caravan Parks For Sale in Australia,Caravan Park/Campground,CRE Brokers,https://www.crebrokers.com/showCategory/caravan-parks,25.0,,,AU,,,Mixed,0,2025-11-06,Caravan Parks For Sale · Established Beachfront Caravan Park with new 25-Year Lease – Pt Lincoln Caravan Park · Harrietville Caravan Park - Established leasehold ...,,0.345,"{'margin': 0.0, 'price_to_ebitda': 0, 'recency': 1.0, 'freehold': 0.3, 'category': 1, 'proximity': 0.5}"
CRE Brokers-705768,caravan parks,Caravan Park/Campground,CRE Brokers,https://www.crebrokers.com/showCategory/caravan-parks?sorting=price&type=list&page=2,2800000.0,,,AU,,,Mixed,0,2025-11-06,"Gateway to the Flinders Ranges – Peterborough Caravan Park For Sale. Peterborough. FHGC - $2,800,000. CRE Brokers are proud to present the Freehold Going ...",,0.345,"{'margin': 0.0, 'price_to_ebitda': 0, 'recency': 1.0, 'freehold': 0.3, 'category': 1, 'proximity': 0.5}"
CRE Brokers-56661,caravan parks,Caravan Park/Campground,CRE Brokers,https://www.crebrokers.com/showCategory/caravan-parks?type=list&order=asc&page=2,30.0,,,AU,,,Mixed,0,2025-11-06,CARAVAN PARKS ; Wayatinah Lakeside Caravan Park - Well-maintained Freehold Going Concern - Expressions of Interest Closing 30th October 2025. Address available ...,,0.345,"{'margin': 0.0, 'price_to_ebitda': 0, 'recency': 1.0, 'freehold': 0.3, 'category': 1, 'proximity': 0.5}"
CRE Brokers-2373685,Millaa Millaa Tourist Park for Sale 7523,Caravan Park/Campground,CRE Brokers,https://www.crebrokers.com/properties/caravan-parks/picturesque-tablelands-caravan-park-on-7-acres-with-upside-1p6269cp,7.0,,,AU,,,Mixed,0,2025-11-06,"Set across 7 acres of rainforest gardens in the heart of Far North Queensland ... Highway Caravan Park in the Whitsunday Region. Myrtlevale. FHGC - $3,000,000.",,0.345,"{'margin': 0.0, 'price_to_ebitda': 0, 'recency': 1.0, 'freehold': 0.3, 'category': 1, 'proximity': 0.5}"
CRE Brokers-109910,caravan parks,Caravan Park/Campground,CRE Brokers,https://www.crebrokers.com/showCategory/caravan-parks?order=asc&sorting=price&type=list&page=2,2800000.0,,,AU,,,Mixed,0,2025-11-06,"Gateway to the Flinders Ranges – Peterborough Caravan Park For Sale. Peterborough. FHGC - $2,800,000. CRE Brokers are proud to present the Freehold Going ...",,0.345,"{'margin': 0.0, 'price_to_ebitda': 0, 'recency': 1.0, 'freehold': 0.3, 'category': 1, 'proximity': 0.5}"
CRE Brokers-3018337,Coastal Beachside Caravan Park - With Upside! 5354,Caravan Park/Campground,CRE Brokers,https://www.crebrokers.com/properties/caravan-parks/urgent-sale-required-coastal-caravan-park-16-roi-1p6366,535.0,,,AU,,,Mixed,0,2025-11-06,"CRE Brokers a pleased to be appointed to sell this well-located Caravan Park with heaps of upside. Situated midway between Cairns and Townsville, ...",,0.345,"{'margin': 0.0, 'price_to_ebitda': 0, 'recency': 1.0, 'freehold': 0.3, 'category': 1, 'proximity': 0.5}"
CRE Brokers-4822239,caravan parks,Caravan Park/Campground,CRE Brokers,https://crebrokers.com/showCategory/caravan-parks?page=4&sorting=price&type=list&order=asc,,,,AU,,,Mixed,0,2025-11-06,"CARAVAN PARKS · Tourist Park Development Site · Prime Coastal Caravan Park – Freehold Going Concern Opportunity · Turnkey Whitsundays Tourist Park – Renewed, ...",,0.345,"{'margin': 0.0, 'price_to_ebitda': 0, 'recency': 1.0, 'freehold': 0.3, 'category': 1, 'proximity': 0.5}"
CRE Brokers-7393175,SOLD - Very Neat Mission Beach Caravan Park,Caravan Park/Campground,CRE Brokers,https://www.crebrokers.com/properties/caravan-parks/very-neat-mission-beach-caravan-park-1p6296cp,,,,AU,,,Mixed,0,2025-11-06,"With two very comfortable residences, this delightful caravan park would suit a family operation wanting to reside and enjoy the bustling Mission Beach ...",,0.345,"{'margin': 0.0, 'price_to_ebitda': 0, 'recency': 1.0, 'freehold': 0.3, 'category': 1, 'proximity': 0.5}"
CRE Brokers-7225064,Kevin Connolly: A Legacy of Success in Caravan Park Sales,Caravan Park/Campground,CRE Brokers,https://www.crebrokers.com/articles/caravan-park-sales,,,,AU,,,Mixed,0,2025-11-06,"With a career spanning over four decades, Kevin has played a pivotal role in shaping the caravan park sales landscape, helping countless owners maximize their ...",,0.345,"{'margin': 0.0, 'price_to_ebitda': 0, 'recency': 1.0, 'freehold': 0.3, 'category': 1, 'proximity': 0.5}"
CRE Brokers-8678682,A Unique 112-Acre Waterfront Land Bank on Queensland's ...,Caravan Park/Campground,CRE Brokers,https://www.crebrokers.com/properties/caravan-parks/development-opportunity-airstrip-golf-course-boat-ramp-112-acres-alongside-baffle-creek-with-da-for-nature-based-tourism-1p4787,3000000.0,,,AU,,,Mixed,0,2025-11-06,"Highway Caravan Park in the Whitsunday Region. Myrtlevale. FHGC - $3,000,000. > See Details. Want to know more about this property? View More in Client Portal.",,0.345,"{'margin': 0.0, 'price_to_ebitda': 0, 'recency': 1.0, 'freehold': 0.3, 'category': 1, 'proximity': 0.5}"
CRE Brokers-5314756,motels,Caravan Park/Campground,CRE Brokers,https://www.crebrokers.com/showCategory/motels?order=asc&type=list&sorting=price&page=5,3700000.0,,,AU,,,Mixed,0,2025-11-06,"Paringa Hotel Motel. Paringa. INV $3,700,000. This sought after gaming hotel investment opportunity is available for the first time in almost 40 years. The ...",,0.345,"{'margin': 0.0, 'price_to_ebitda': 0, 'recency': 1.0, 'freehold': 0.3, 'category': 1, 'proximity': 0.5}"
CRE Brokers-4407282,motels,Caravan Park/Campground,CRE Brokers,https://crebrokers.com/showCategory/motels?page=2&sorting=price&type=list&type=list,,,,AU,,,Mixed,0,2025-11-06,An Award-Winning Boutique Hotel Opportunity in the Heart of Melbourne. Address available on request. Leasehold - Expressions of Interest. Nestled in the heart ...,,0.345,"{'margin': 0.0, 'price_to_ebitda': 0, 'recency': 1.0, 'freehold': 0.3, 'category': 1, 'proximity': 0.5}"
CRE Brokers-484609,hotels & bars,Caravan Park/Campground,CRE Brokers,https://crebrokers.com/showCategory/hotels-&-bars?order=asc&type=list&page=6,473.0,,,AU,,,Mixed,0,2025-11-06,"CRE Brokers are pleased to offer for private sale the Leasehold Business of Hotel Lona, 473 Nepean Highway, Frankston Victoria.Located on the corner of ...",,0.345,"{'margin': 0.0, 'price_to_ebitda': 0, 'recency': 1.0, 'freehold': 0.3, 'category': 1, 'proximity': 0.5}"
CRE Brokers-7694208,hotels & bars,Caravan Park/Campground,CRE Brokers,https://crebrokers.com/showCategory/hotels-&-bars?type=list&sorting=price&page=1,30.0,,,AU,,,Mixed,0,2025-11-06,"Cumberland Hotel - Leasehold Hotel with 30 Electronic Gaming Machines. Castlemaine. Leasehold $5,750,000. A rare opportunity to secure one of the largest and ...",,0.345,"{'margin': 0.0, 'price_to_ebitda': 0, 'recency': 1.0, 'freehold': 0.3, 'category': 1, 'proximity': 0.5}"
CRE Brokers-1072590,hotels & bars,Caravan Park/Campground,CRE Brokers,https://crebrokers.com/showCategory/hotels-&-bars?sorting=price&type=list&order=desc&page=1,473.0,,,AU,,,Mixed,0,2025-11-06,"CRE Brokers are pleased to offer for private sale the Leasehold Business of Hotel Lona, 473 Nepean Highway, Frankston Victoria.Located on the corner of ...",,0.345,"{'margin': 0.0, 'price_to_ebitda': 0, 'recency': 1.0, 'freehold': 0.3, 'category': 1, 'proximity': 0.5}"
CRE Brokers-4929034,hotels & bars,Caravan Park/Campground,CRE Brokers,https://crebrokers.com/showCategory/hotels-&-bars?order=asc&page=5&sorting=date&type=list&order=asc,27.0,,,AU,,,Mixed,0,2025-11-06,"Auction 27th November 2025 1pm Onsite. CRE Brokers is pleased to present the former Globe Hotel, Corowa – offered as Freehold with Vacant Possession.",,0.345,"{'margin': 0.0, 'price_to_ebitda': 0, 'recency': 1.0, 'freehold': 0.3, 'category': 1, 'proximity': 0.5}"
CRE Brokers-8719407,CRE Brokers,Caravan Park/Campground,CRE Brokers,https://www.crebrokers.com/brokers/cre-brokers,630000.0,,,AU,,,Mixed,0,2025-11-06,"Lifestyle Hotel on The Great Alpine Road. Ensay. FHGC $630,000 ; Massive Development Potential on Prime Gold Coast Land! Address available on request. Offers ...",,0.345,"{'margin': 0.0, 'price_to_ebitda': 0, 'recency': 1.0, 'freehold': 0.3, 'category': 1, 'proximity': 0.5}"
CRE Brokers-4679309,Superb Murray River Corporate Motel Investment 7579,Caravan Park/Campground,CRE Brokers,https://crebrokers.com/properties/motels/outstanding-regional-freehold-investment-1p5804,757.0,,,AU,,,Mixed,0,2025-11-06,"If you are looking at selling or purchasing an accommodation business, management rights, hotel/motel, then please get in contact with Kevin and Twee from ...",,0.345,"{'margin': 0.0, 'price_to_ebitda': 0, 'recency': 1.0, 'freehold': 0.3, 'category': 1, 'proximity': 0.5}"
CRE Brokers-6308404,Business / Investment Property Guide,Caravan Park/Campground,CRE Brokers,https://www.crebrokers.com/booklets/in-focus-17.pdf,120000.0,,,AU,,,Mixed,0,2025-11-06,"Majestic Double Storey Victorian Hotel. FOR SALE AS A. Leasehold Business. $120,000. FOR SALE AS A. Leasehold Business. $180,000. Outstanding Regional Hotel. □ ...",,0.345,"{'margin': 0.0, 'price_to_ebitda': 0, 'recency': 1.0, 'freehold': 0.3, 'category': 1, 'proximity': 0.5}"
CRE Brokers-8443002,Categories,Caravan Park/Campground,CRE Brokers,https://www.crebrokers.com/search?order=asc&page=1&sorting=date&type=list&order=desc,575000.0,,,AU,,,Mixed,0,2025-11-06,"Freehold Investment - $575,000. CRE Brokers are delighted to present to the market the Oaklands Hotel, a classic freehold hotel opportunity in the heart of ...",,0.345,"{'margin': 0.0, 'price_to_ebitda': 0, 'recency': 1.0, 'freehold': 0.3, 'category': 1, 'proximity': 0.5}"
HTL Property-4885813,Hotel Accommodation - Properties,Hotel/Pub,HTL Property,https://htlproperty.com.au/property-type/hotel-accommodation/,,,,AU,,,Mixed,0,2025-11-06,Hotel Accommodation. Scroll. Home Assets For Sale Hotel Accommodation. Filter ... Queensland New South Wales South Australia Victoria Western Australia,,0.345,"{'margin': 0.0, 'price_to_ebitda': 0, 'recency': 1.0, 'freehold': 0.3, 'category': 1, 'proximity': 0.5}"
HTL Property-3430420,HTL Property - Hotels Tourism Leisure,Hotel/Pub,HTL Property,https://htlproperty.com.au/,3.0,,,AU,,,Mixed,0,2025-11-06,"Assets For Sale. Pubs & Taverns · Hotel Accommodation. Recent Sales. Pubs & Taverns · Hotel Accommodation. Contact. Head Office Level 3, 319 George Street,",,0.345,"{'margin': 0.0, 'price_to_ebitda': 0, 'recency': 1.0, 'freehold': 0.3, 'category': 1, 'proximity': 0.5}"
HTL Property-7494098,Coolangatta Sands Hotel,Hotel/Pub,HTL Property,https://htlproperty.com.au/properties/coolangatta-sands-hotel/,,,,AU,,,Mixed,0,2025-11-06,"Extremely rare South-East Queensland Freehold Going Concern Hotel incorporating multiple bars, bistro, gaming, retail and accommodation ... For Sale by Expression ...",,0.345,"{'margin': 0.0, 'price_to_ebitda': 0, 'recency': 1.0, 'freehold': 0.3, 'category': 1, 'proximity': 0.5}"
HTL Property-7020154,Gracemere Hotel,Hotel/Pub,HTL Property,https://htlproperty.com.au/properties/gracemere-hotel/,40.0,,,AU,,,Mixed,0,2025-11-06,Exceptional Coastal Queensland Freehold Going Concern Hotel ... Director. 0402 623 298 glenn.price@htlproperty.com Contact Glenn. HTL Logo. Assets For Sale.,,0.345,"{'margin': 0.0, 'price_to_ebitda': 0, 'recency': 1.0, 'freehold': 0.3, 'category': 1, 'proximity': 0.5}"
HTL Property-8994980,Madison Plaza Hotel Townsville,Hotel/Pub,HTL Property,https://htlproperty.com.au/properties/madison-plaza-hotel-townsville/,3.0,,,AU,,,Mixed,0,2025-11-06,"Assets For Sale. Pubs & Taverns · Hotel Accommodation. Recent Sales. Pubs & Taverns · Hotel Accommodation. Contact. Head Office Level 3, 319 George Street,",,0.345,"{'margin': 0.0, 'price_to_ebitda': 0, 'recency': 1.0, 'freehold': 0.3, 'category': 1, 'proximity': 0.5}"
HTL Property-8938729,"Harrigan's, Calypso Bay",Hotel/Pub,HTL Property,https://htlproperty.com.au/properties/harrigans-calypso-bay/,40.0,,,AU,,,Mixed,0,2025-11-06,Extremely rare South East Queensland ... 0402 915 824 xavier.plunkett@htlproperty.com Contact Xavier. HTL Logo. Assets For Sale. Pubs & Taverns · Hotel ...,,0.345,"{'margin': 0.0, 'price_to_ebitda': 0, 'recency': 1.0, 'freehold': 0.3, 'category': 1, 'proximity': 0.5}"
HTL Property-8347745,Beachmere Hotel,Hotel/Pub,HTL Property,https://htlproperty.com.au/properties/beachmere-hotel/,3.0,,,AU,,,Mixed,0,2025-11-06,"Assets For Sale. Pubs & Taverns · Hotel Accommodation. Recent Sales. Pubs & Taverns · Hotel Accommodation. Contact. Head Office Level 3, 319 George Street,",,0.345,"{'margin': 0.0, 'price_to_ebitda': 0, 'recency': 1.0, 'freehold': 0.3, 'category': 1, 'proximity': 0.5}"
HTL Property-5561928,Gambaro Hotel,Hotel/Pub,HTL Property,https://htlproperty.com.au/properties/gambaro-hotel/,3.0,,,AU,,,Mixed,0,2025-11-06,"Assets For Sale. Pubs & Taverns · Hotel Accommodation. Recent Sales. Pubs & Taverns · Hotel Accommodation. Contact. Head Office Level 3, 319 George Street,",,0.345,"{'margin': 0.0, 'price_to_ebitda': 0, 'recency': 1.0, 'freehold': 0.3, 'category': 1, 'proximity': 0.5}"
HTL Property-2769980,Grantham Farmworkers Lodge For Sale by HTL,Hotel/Pub,HTL Property,https://htlproperty.com.au/press/grantham-farmworkers-lodge-for-sale-by-htl/,,,,AU,,,Mixed,0,2025-11-06,"Grantham Farmworkers Lodge For Sale by HTL ... On behalf of the Katarzyna Group, HTL Property has been exclusively appointed to sell Grantham Farmworkers Lodge ...",,0.345,"{'margin': 0.0, 'price_to_ebitda': 0, 'recency': 1.0, 'freehold': 0.3, 'category': 1, 'proximity': 0.5}"
HTL Property-7391361,Silver Shores Village - Properties,Hotel/Pub,HTL Property,https://htlproperty.com.au/properties/silver-shores-village/,3.0,,,AU,,,Mixed,0,2025-11-06,"Assets For Sale. Pubs & Taverns · Hotel Accommodation. Recent Sales. Pubs & Taverns · Hotel Accommodation. Contact. Head Office Level 3, 319 George Street,",,0.345,"{'margin': 0.0, 'price_to_ebitda': 0, 'recency': 1.0, 'freehold': 0.3, 'category': 1, 'proximity': 0.5}"
JLL Hotels-1939018,"Meadowbrook Hotel, 7 Logandowns Drive",Hotel/Pub,JLL Hotels,https://property.jll.com.au/hotel-sale/meadowbrook/7-logandowns-drive-64354,20.0,,,AU,,,Mixed,0,2025-11-06,"Description. Revitalised Top 20 QLD Gaming Hotel ... To obtain a copy of the Information Memorandum, please contact the exclusive agents. For Sale ...",,0.345,"{'margin': 0.0, 'price_to_ebitda': 0, 'recency': 1.0, 'freehold': 0.3, 'category': 1, 'proximity': 0.5}"
JLL Hotels-109999,"Sunshine Tower Hotel, 136 Sheridan Street",Hotel/Pub,JLL Hotels,https://property.jll.com.au/hotel-sale/cairns-city/136-sheridan-street-44336,136.0,,,AU,,,Mixed,0,2025-11-06,"Strong trading freehold going concern hotel with huge upside. Sunshine Tower Hotel, for sale by JLL Hotels & Hospitality, is being offered in-one-line.",,0.345,"{'margin': 0.0, 'price_to_ebitda': 0, 'recency': 1.0, 'freehold': 0.3, 'category': 1, 'proximity': 0.5}"
JLL Hotels-6542333,74 The Strand - Hotel For Sale,Hotel/Pub,JLL Hotels,https://property.jll.com.au/hotel-sale/townsville/74-the-strand-65474,74.0,,,AU,,,Mixed,0,2025-11-06,"View listing details, photos, or contact a broker about the hotel available for sale at 74 The Strand.",,0.345,"{'margin': 0.0, 'price_to_ebitda': 0, 'recency': 1.0, 'freehold': 0.3, 'category': 1, 'proximity': 0.5}"
JLL Hotels-1751050,"Granite Belt Retreat & Brewery, 146 Glenlyon Drive",Hotel/Pub,JLL Hotels,https://property.jll.com.au/hotel-sale/stanthorpe/146-glenlyon-drive-59763,46.0,,,AU,,,Mixed,0,2025-11-06,"JLL Hotels & Hospitality Group is proud to offer for sale the ... FRISCO HOTEL. 46 Dowling Street. Woolloomooloo, New South Wales, 2011.",,0.345,"{'margin': 0.0, 'price_to_ebitda': 0, 'recency': 1.0, 'freehold': 0.3, 'category': 1, 'proximity': 0.5}"
JLL Hotels-8994615,"Bellevue Hotel, 17 Allen Street | JLL Properties - AU",Hotel/Pub,JLL Hotels,https://property.jll.com.au/hotel-sale/south-townsville/17-allen-street-44300,17.0,,,AU,,,Mixed,0,2025-11-06,"Bellevue Hotel. 17 Allen Street. South Townsville, Queensland, 4810 ... *Approx. FOR SALE BY PRIVATE TREATY. Building Information. Last updated. 13 Mar 2023 ...",,0.345,"{'margin': 0.0, 'price_to_ebitda': 0, 'recency': 1.0, 'freehold': 0.3, 'category': 1, 'proximity': 0.5}"
JLL Hotels-7890349,"The Osbourne Hotel, 766 Ann Street - FORTITUDE VALLEY",Hotel/Pub,JLL Hotels,https://property.jll.com.au/hotel-sale/fortitude-valley/766-ann-street-25879,766.0,,,AU,,,Mixed,0,2025-11-06,"The Osbourne Hotel. 766 Ann Street. Fortitude Valley, Queensland, 4006. Please contact us for price.",,0.345,"{'margin': 0.0, 'price_to_ebitda': 0, 'recency': 1.0, 'freehold': 0.3, 'category': 1, 'proximity': 0.5}"
JLL Hotels-4236616,"Eco Village Mission Beach, Clump Point Lookout",Hotel/Pub,JLL Hotels,https://property.jll.com.au/hotel-sale/mission-beach/clump-point-lookout-43264,,,,AU,,,Mixed,0,2025-11-06,JLL Hotels & Hospitality have been exclusively appointed to offer for sale Eco Village Mission Beach. This boutique resort is situated in a tropical world ...,,0.345,"{'margin': 0.0, 'price_to_ebitda': 0, 'recency': 1.0, 'freehold': 0.3, 'category': 1, 'proximity': 0.5}"
JLL Hotels-9286786,Dunk Island | JLL Properties - AU,Hotel/Pub,JLL Hotels,https://property.jll.com.au/hotel-sale/great-barrier-reef/dunk-island-20380,29.0,,,AU,,,Mixed,0,2025-11-06,"For Sale by Expressions of Interest Closing Friday 29 January 2021 ... FRISCO HOTEL. 46 Dowling Street. Woolloomooloo, New South Wales, 2011.",,0.345,"{'margin': 0.0, 'price_to_ebitda': 0, 'recency': 1.0, 'freehold': 0.3, 'category': 1, 'proximity': 0.5}"
JLL Hotels-4598143,"Edwardes Lake Hotel, 257 Edwardes Street",Hotel/Pub,JLL Hotels,https://property.jll.com.au/hotel-sale/reservoir/257-edwardes-street-31627,257.0,,,AU,,,Mixed,0,2025-11-06,"JLL Hotels & Hospitality, together with Cropley Commercial, are pleased to present for sale the Freehold Interest in Edwardes Lake Hotel, ...",,0.345,"{'margin': 0.0, 'price_to_ebitda': 0, 'recency': 1.0, 'freehold': 0.3, 'category': 1, 'proximity': 0.5}"
JLL Hotels-4575754,"Byron Bay Holiday Village, 116 - 118 Jonson Street",Hotel/Pub,JLL Hotels,https://property.jll.com.au/hotel-sale/byron-bay/116-118-jonson-street-18758,116.0,,,AU,,,Mixed,0,2025-11-06,JLL is delighted to exclusively present for sale the Byron Bay ... hotel (STCA) • Significant development upside underpinned by ...,,0.345,"{'margin': 0.0, 'price_to_ebitda': 0, 'recency': 1.0, 'freehold': 0.3, 'category': 1, 'proximity': 0.5}"
Seek Business-74982,31 Pubs Bars businesses for sale in Queensland,Mixed,Seek Business,https://www.seekbusiness.com.au/businesses-for-sale/within-pubs-bars/in-queensland,31.0,,,AU,,,Unknown,0,2025-11-06,"Want to be your own boss? View 31 Pubs Bars businesses and franchises for sale in Queensland, within a radius of 5km on SEEK Business and turn your dreams ...",,0.295,"{'margin': 0.0, 'price_to_ebitda': 0, 'recency': 1.0, 'freehold': 0.3, 'category': 0.5, 'proximity': 0.5}"
Seek Business-6128558,"13 Pubs, Bars & Clubs businesses for sale in Brisbane",Mixed,Seek Business,https://www.seekbusiness.com.au/businesses-for-sale/within-pubs-bars-and-clubs/in-brisbane-qld,13.0,,,AU,,,Unknown,0,2025-11-06,"13 businesses for sale ; Restaurant & Wine Bar - $1.2M Turnover Brisbane · $450,000 + SAV ; Brisbane Craft Brewery For Sale ·, Brisbane City, QLD 4000. $1,300,000 ...",,0.295,"{'margin': 0.0, 'price_to_ebitda': 0, 'recency': 1.0, 'freehold': 0.3, 'category': 0.5, 'proximity': 0.5}"
Seek Business-7537689,"9 Pubs, Bars & Clubs businesses for sale in Gold Coast",Mixed,Seek Business,https://www.seekbusiness.com.au/businesses-for-sale/within-pubs-bars-and-clubs/in-gold-coast-qld,9.0,,,AU,,,Unknown,0,2025-11-06,"Want to be your own boss? View 9 Pubs, Bars & Clubs businesses and franchises for sale in Gold Coast, within a radius of 5km on SEEK Business and turn your ...",,0.295,"{'margin': 0.0, 'price_to_ebitda': 0, 'recency': 1.0, 'freehold': 0.3, 'category': 0.5, 'proximity': 0.5}"
Seek Business-4642810,"7 Pubs, Bars & Clubs businesses for sale in Regional QLD",Mixed,Seek Business,https://www.seekbusiness.com.au/businesses-for-sale/within-pubs-bars-and-clubs/in-regional-qld,7.0,,,AU,,,Unknown,0,2025-11-06,"7 businesses for sale ; OBJ's Sports Bar - Townsville. Beyond 2000 Business Sales ·, Townsville, QLD 4810 ; REDUCED! Freehold Tavern, Hotel, Bar, Accom | ID: 1072.",,0.295,"{'margin': 0.0, 'price_to_ebitda': 0, 'recency': 1.0, 'freehold': 0.3, 'category': 0.5, 'proximity': 0.5}"
Seek Business-862080,"Pubs, Bars & Clubs Businesses and Franchises for sale in ...",Mixed,Seek Business,https://www.seekbusiness.com.au/businesses-for-sale/within-pubs-bars-and-clubs/in-south-brisbane-qld-4101,10.0,,,AU,,,Unknown,0,2025-11-06,"Want to be your own boss? View 10 Pubs, Bars & Clubs businesses and franchises for sale in South Brisbane, QLD 4101, within a radius of 5km on SEEK Business ...",,0.295,"{'margin': 0.0, 'price_to_ebitda': 0, 'recency': 1.0, 'freehold': 0.3, 'category': 0.5, 'proximity': 0.5}"
Seek Business-300514,"Pubs, Bars & Clubs Businesses and Franchises for sale in ...",Mixed,Seek Business,https://www.seekbusiness.com.au/businesses-for-sale/within-pubs-bars-and-clubs/in-atherton-qld-4883-or-regional-qld,6.0,,,AU,,,Unknown,0,2025-11-06,"Want to be your own boss? View 6 Pubs, Bars & Clubs businesses and franchises for sale in Atherton, QLD 4883 and Regional QLD, within a radius of 5km on ...",,0.295,"{'margin': 0.0, 'price_to_ebitda': 0, 'recency': 1.0, 'freehold': 0.3, 'category': 0.5, 'proximity': 0.5}"
Seek Business-1987113,"Pubs, Bars & Clubs Businesses and Franchises for sale in ...",Mixed,Seek Business,https://www.seekbusiness.com.au/businesses-for-sale/within-pubs-bars-and-clubs/in-townsville-qld-4810,2.0,,,AU,,,Unknown,0,2025-11-06,"2 Pubs, Bars & Clubs businesses for sale in Townsville, QLD 4810. Sorted by. Business name, Date, Investment, Most popular, Closest location. Closest location.",,0.295,"{'margin': 0.0, 'price_to_ebitda': 0, 'recency': 1.0, 'freehold': 0.3, 'category': 0.5, 'proximity': 0.5}"
Seek Business-7421680,"Pubs, Bars & Clubs Businesses and Franchises for sale",Mixed,Seek Business,https://www.seekbusiness.com.au/businesses-for-sale/within-pubs-bars-and-clubs,233.0,,,AU,,,Unknown,0,2025-11-06,"Want to be your own boss? View 233 Pubs, Bars & Clubs businesses and franchises for sale on SEEK Business and turn your dreams into reality.",,0.295,"{'margin': 0.0, 'price_to_ebitda': 0, 'recency': 1.0, 'freehold': 0.3, 'category': 0.5, 'proximity': 0.5}"
Seek Business-4051859,"Pubs, Bars & Clubs Businesses and Franchises for sale in ...",Mixed,Seek Business,https://www.seekbusiness.com.au/businesses-for-sale/within-pubs-bars-and-clubs/in-bundaberg-qld-4670,,,,AU,,,Unknown,0,2025-11-06,Here is your opportunity to monopolise the boutique bar scene in Bundaberg. The Library Bar in Bundaberg Central and Tipsea in Bargara are for sale in one ...,,0.295,"{'margin': 0.0, 'price_to_ebitda': 0, 'recency': 1.0, 'freehold': 0.3, 'category': 0.5, 'proximity': 0.5}"
Seek Business-4748322,21 Pubs Bars businesses for sale in Queensland,Mixed,Seek Business,https://www.seekbusiness.com.au/businesses-for-sale/between-400000-2000000plus/within-pubs-bars/in-queensland,21.0,,,AU,,,Unknown,0,2025-11-06,"Want to be your own boss? View 21 Pubs Bars businesses and franchises for sale in Queensland, within a radius of 5km on SEEK Business and turn your dreams ...",,0.295,"{'margin': 0.0, 'price_to_ebitda': 0, 'recency': 1.0, 'freehold': 0.3, 'category': 0.5, 'proximity': 0.5}"
Seek Business-3928497,Caravan Park Businesses and Franchises for sale,Mixed,Seek Business,https://www.seekbusiness.com.au/businesses-for-sale/within-caravan-park,24.0,,,AU,,,Unknown,0,2025-11-06,Want to be your own boss? View 24 Caravan Park businesses and franchises for sale on SEEK Business and turn your dreams into reality.,,0.295,"{'margin': 0.0, 'price_to_ebitda': 0, 'recency': 1.0, 'freehold': 0.3, 'category': 0.5, 'proximity': 0.5}"
Seek Business-3775951,6 Camping businesses for sale in Regional QLD,Mixed,Seek Business,https://www.seekbusiness.com.au/businesses-for-sale/within-camping/in-regional-qld,6.0,,,AU,,,Unknown,0,2025-11-06,"6 businesses for sale ; MURPHYS CREEK CARAVAN PARK ON PRIME REAL ESTATE!HUGE PRICE REDUCTION! @Realty ·, Upper Lockyer, QLD 4352 ; 30 Year Lease - Immaculate ...",,0.295,"{'margin': 0.0, 'price_to_ebitda': 0, 'recency': 1.0, 'freehold': 0.3, 'category': 0.5, 'proximity': 0.5}"
Seek Business-4289258,Caravan Park Businesses and Franchises for sale in ...,Mixed,Seek Business,https://www.seekbusiness.com.au/businesses-for-sale/within-caravan-park/in-regional-qld-or-tiaro-qld-4650,3.0,,,AU,,,Unknown,0,2025-11-06,"3 businesses for sale ; MURPHYS CREEK CARAVAN PARK ON PRIME REAL ESTATE!HUGE PRICE REDUCTION! @Realty · Upper Lockyer, QLD 4352 ; Coastal Caravan Park - island ...",,0.295,"{'margin': 0.0, 'price_to_ebitda': 0, 'recency': 1.0, 'freehold': 0.3, 'category': 0.5, 'proximity': 0.5}"
Seek Business-5934005,Caravan Park Businesses and Franchises for sale in ...,Mixed,Seek Business,https://www.seekbusiness.com.au/businesses-for-sale/within-caravan-park/in-nanango-qld-4615,260.0,,,AU,,,Unknown,0,2025-11-06,"Want to be your own boss? View 260 Caravan Park businesses and franchises for sale in Nanango, QLD 4615, within a radius of 5km on SEEK Business and turn ...",,0.295,"{'margin': 0.0, 'price_to_ebitda': 0, 'recency': 1.0, 'freehold': 0.3, 'category': 0.5, 'proximity': 0.5}"
Seek Business-8388477,4 Caravan Park businesses for sale in Queensland,Mixed,Seek Business,https://www.seekbusiness.com.au/businesses-for-sale/within-caravan-park/in-queensland,4.0,,,AU,,,Unknown,0,2025-11-06,4 businesses for sale ; MURPHYS CREEK CARAVAN PARK ON PRIME REAL ESTATE!HUGE PRICE REDUCTION! @Realty. Regional QLD ; Coastal Caravan Park - island views and is ...,,0.295,"{'margin': 0.0, 'price_to_ebitda': 0, 'recency': 1.0, 'freehold': 0.3, 'category': 0.5, 'proximity': 0.5}"
Seek Business-5387446,murphys creek caravan park on prime real estate!huge ...,Mixed,Seek Business,https://www.seekbusiness.com.au/business-listing/murphys-creek-caravan-park-on-prime-real-estate-huge-price-reduction/436573,30.0,,,AU,,,Unknown,0,2025-11-06,"... sites within an amazing natural bush setting near Toowoomba, QLD. A very ... Construction Carpentry business for sale after 30 years.. Perth WA 6000.",,0.295,"{'margin': 0.0, 'price_to_ebitda': 0, 'recency': 1.0, 'freehold': 0.3, 'category': 0.5, 'proximity': 0.5}"
Seek Business-5412931,"256 businesses for sale in Ingham, QLD 4850",Mixed,Seek Business,https://www.seekbusiness.com.au/businesses-for-sale/within-caravan-park/in-ingham-qld-4850,256.0,,,AU,,,Unknown,0,2025-11-06,"Want to be your own boss? View 256 Caravan Park businesses and franchises for sale in Ingham, QLD 4850, within a radius of 5km on SEEK Business and turn ...",,0.295,"{'margin': 0.0, 'price_to_ebitda': 0, 'recency': 1.0, 'freehold': 0.3, 'category': 0.5, 'proximity': 0.5}"
Seek Business-5903420,Caravan Park Businesses and Franchises for sale in Airlie ...,Mixed,Seek Business,https://www.seekbusiness.com.au/businesses-for-sale/within-caravan-park/in-airlie-beach-qld-4802-or-regional-qld,2.0,,,AU,,,Unknown,0,2025-11-06,"Want to be your own boss? View 2 Caravan Park businesses and franchises for sale in Airlie Beach, QLD 4802 and Regional QLD, within a radius of 5km on SEEK ...",,0.295,"{'margin': 0.0, 'price_to_ebitda': 0, 'recency': 1.0, 'freehold': 0.3, 'category': 0.5, 'proximity': 0.5}"
Seek Business-8138333,"274 businesses for sale in Yeppoon, QLD 4703",Mixed,Seek Business,https://www.seekbusiness.com.au/businesses-for-sale/within-caravan-park/in-yeppoon-qld-4703,274.0,,,AU,,,Unknown,0,2025-11-06,"274 businesses for sale ; Red Rooster Drive-Thru Franchise Opportunity in Yeppoon, QLD – Join the Flock. Red Rooster · $647,000 ; Fully Promoted – B2B Branded ...",,0.295,"{'margin': 0.0, 'price_to_ebitda': 0, 'recency': 1.0, 'freehold': 0.3, 'category': 0.5, 'proximity': 0.5}"
Seek Business-9328402,22 Accommodation & Tourism businesses for sale in ...,Mixed,Seek Business,https://www.seekbusiness.com.au/businesses-for-sale/within-accommodation-and-tourism/in-regional-qld,22.0,,,AU,,,Unknown,0,2025-11-06,22 businesses for sale · 36129 - PROFITABLE COUNTRY PUB AND CARAVAN PARK - FREE HOLD INCLUDED · 35662 Beachfront Holiday Park - 10% Share Opportunity in Prime ...,,0.295,"{'margin': 0.0, 'price_to_ebitda': 0, 'recency': 1.0, 'freehold': 0.3, 'category': 0.5, 'proximity': 0.5}"
Seek Business-5313462,8 Car Wash businesses for sale in Queensland,Mixed,Seek Business,https://www.seekbusiness.com.au/businesses-for-sale/within-car-wash/in-queensland,8.0,,,AU,,,Unknown,0,2025-11-06,"8 businesses for sale · 36087 ESTABLISHED CAR WASH & TYRE SHOP - NORTH BRISBANE · 7 ELEVEN PETROL STATION, CARWASH & CONVENIENCE STORE FOR SALE.",,0.295,"{'margin': 0.0, 'price_to_ebitda': 0, 'recency': 1.0, 'freehold': 0.3, 'category': 0.5, 'proximity': 0.5}"
Seek Business-620440,Car Wash Businesses and Franchises for sale in Brisbane,Mixed,Seek Business,https://www.seekbusiness.com.au/businesses-for-sale/within-car-wash/in-brisbane-qld,5.0,,,AU,,,Unknown,0,2025-11-06,"5 businesses for sale ; Perfect Entry into the Booming Carwash Industry – Minimal Owner Involvement. Benchmark Business Sales and Valuations · Willawong, QLD 4110.",,0.295,"{'margin': 0.0, 'price_to_ebitda': 0, 'recency': 1.0, 'freehold': 0.3, 'category': 0.5, 'proximity': 0.5}"
Seek Business-8473176,Car Wash Businesses and Franchises for sale in Cairns ...,Mixed,Seek Business,https://www.seekbusiness.com.au/businesses-for-sale/within-car-wash/in-cairns-central-qld-4870,340.0,,,AU,,,Unknown,0,2025-11-06,"Want to be your own boss? View 340 Car Wash businesses and franchises for sale in Cairns Central, QLD 4870, within a radius of 5km on SEEK Business and turn ...",,0.295,"{'margin': 0.0, 'price_to_ebitda': 0, 'recency': 1.0, 'freehold': 0.3, 'category': 0.5, 'proximity': 0.5}"
Seek Business-2328499,Car Wash Businesses and Franchises for sale,Mixed,Seek Business,https://www.seekbusiness.com.au/businesses-for-sale/within-car-wash,61.0,,,AU,,,Unknown,0,2025-11-06,Want to be your own boss? View 61 Car Wash businesses and franchises for sale on SEEK Business and turn your dreams into reality.,,0.295,"{'margin': 0.0, 'price_to_ebitda': 0, 'recency': 1.0, 'freehold': 0.3, 'category': 0.5, 'proximity': 0.5}"
Seek Business-2586570,"342 businesses for sale in Townsville, QLD 4810",Mixed,Seek Business,https://www.seekbusiness.com.au/businesses-for-sale/between-300000-2000000/within-car-wash/in-townsville-qld-4810,342.0,,,AU,,,Unknown,0,2025-11-06,"Want to be your own boss? View 342 Car Wash businesses and franchises for sale in Townsville, QLD 4810, within a radius of 5km on SEEK Business and turn ...",,0.295,"{'margin': 0.0, 'price_to_ebitda': 0, 'recency': 1.0, 'freehold': 0.3, 'category': 0.5, 'proximity': 0.5}"
Seek Business-3112312,Car Wash Businesses and Franchise Resale for sale in ...,Mixed,Seek Business,"https://www.seekbusiness.com.au/businesses-for-sale/within-car-wash/in-brisbane-airport-qld-4008?opp=2,3",600.0,,,AU,,,Unknown,0,2025-11-06,"Want to be your own boss? View 600 Car Wash businesses and franchise resale for sale in Brisbane Airport, QLD 4008, within a radius of 5km on SEEK Business ...",,0.295,"{'margin': 0.0, 'price_to_ebitda': 0, 'recency': 1.0, 'freehold': 0.3, 'category': 0.5, 'proximity': 0.5}"
Seek Business-5585923,2 Car Wash businesses for sale in Queensland,Mixed,Seek Business,https://www.seekbusiness.com.au/businesses-for-sale/within-car-wash/in-queensland?d=14,2.0,,,AU,,,Unknown,0,2025-11-06,"Want to be your own boss? View 2 Car Wash businesses and franchises for sale in Queensland, within a radius of 5km on SEEK Business and turn your dreams ...",,0.295,"{'margin': 0.0, 'price_to_ebitda': 0, 'recency': 1.0, 'freehold': 0.3, 'category': 0.5, 'proximity': 0.5}"
Seek Business-9252721,"173 businesses for sale in Noosa Heads, QLD 4567",Mixed,Seek Business,https://www.seekbusiness.com.au/businesses-for-sale/within-car-wash/in-noosa-heads-qld-4567,173.0,,,AU,,,Unknown,0,2025-11-06,"Want to be your own boss? View 173 Car Wash businesses and franchises for sale in Noosa Heads, QLD 4567, within a radius of 5km on SEEK Business and turn ...",,0.295,"{'margin': 0.0, 'price_to_ebitda': 0, 'recency': 1.0, 'freehold': 0.3, 'category': 0.5, 'proximity': 0.5}"
Seek Business-4280555,"295 businesses for sale in Bundaberg, QLD 4670",Mixed,Seek Business,https://www.seekbusiness.com.au/businesses-for-sale/within-car-wash/in-bundaberg-qld-4670,295.0,,,AU,,,Unknown,0,2025-11-06,"Want to be your own boss? View 295 Car Wash businesses and franchises for sale in Bundaberg, QLD 4670, within a radius of 5km on SEEK Business and turn your ...",,0.295,"{'margin': 0.0, 'price_to_ebitda': 0, 'recency': 1.0, 'freehold': 0.3, 'category': 0.5, 'proximity': 0.5}"
Seek Business-6337440,"High-performing Car Wash For Sale – Busy Maryborough, Qld ...",Mixed,Seek Business,https://www.seekbusiness.com.au/business-listing/high-performing-car-wash-for-sale-busy-maryborough-qld-location/758380,11.0,,,AU,,,Unknown,0,2025-11-06,"High-performing Car Wash For Sale – Busy Maryborough, Qld Location. Save this business. Today, 11:19am. Location: Maryborough 4650 > Regional QLD > Queensland.",,0.295,"{'margin': 0.0, 'price_to_ebitda': 0, 'recency': 1.0, 'freehold': 0.3, 'category': 0.5, 'proximity': 0.5}"
BusinessesForSale-3838372,Pubs For Sale in Queensland 6 Available To Buy Now,Mixed,BusinessesForSale,https://australia.businessesforsale.com/australian/search/pubs-for-sale-in-queensland,6.0,,,AU,,,Unknown,0,2025-11-06,Explore our extensive collection of pubs for sale in Queensland. Find a secure and profitable investment in a classic and inviting ...,,0.295,"{'margin': 0.0, 'price_to_ebitda': 0, 'recency': 1.0, 'freehold': 0.3, 'category': 0.5, 'proximity': 0.5}"
BusinessesForSale-8024908,"Bars For Sale in Queensland, 26 Available To Buy Now",Mixed,BusinessesForSale,https://australia.businessesforsale.com/australian/search/bars-for-sale-in-queensland,26.0,,,AU,,,Unknown,0,2025-11-06,Looking to own a piece of Queensland's vibrant nightlife? Discover your perfect opportunity with our extensive list of bars for sale.,,0.295,"{'margin': 0.0, 'price_to_ebitda': 0, 'recency': 1.0, 'freehold': 0.3, 'category': 0.5, 'proximity': 0.5}"
BusinessesForSale-7608079,Hotels and Pubs for sale in Queensland,Mixed,BusinessesForSale,https://australia.businessesforsale.com/australian/search/hotels-and-pubs-for-sale-in-queensland,21.0,,,AU,,,Unknown,0,2025-11-06,Browse Hotels and Pubs for sale in Queensland. Search BusinessesForSale.com's 21 Hotels and Pubs available in Queensland.,,0.295,"{'margin': 0.0, 'price_to_ebitda': 0, 'recency': 1.0, 'freehold': 0.3, 'category': 0.5, 'proximity': 0.5}"
BusinessesForSale-7831044,Pubs For Sale in Australia 28 Available To Buy Now,Mixed,BusinessesForSale,https://australia.businessesforsale.com/australian/search/pubs-for-sale,28.0,,,AU,,,Unknown,0,2025-11-06,Explore our extensive collection of pubs for sale in Australia. Find a secure and profitable investment in a classic and inviting ...,,0.295,"{'margin': 0.0, 'price_to_ebitda': 0, 'recency': 1.0, 'freehold': 0.3, 'category': 0.5, 'proximity': 0.5}"
BusinessesForSale-1762451,Freehold Pubs For Sale in Australia 3 Available To Buy Now,Mixed,BusinessesForSale,https://australia.businessesforsale.com/australian/search/freehold-pubs-for-sale,3.0,,,AU,,,Unknown,0,2025-11-06,"Pubs For Sale In Australia · Old Mundulla Hotel · Historic Royal Mail Hotel, Hungerford, QLD · Hidden Heritage Oasis Awaits · Sign up to our free newsletter!",,0.295,"{'margin': 0.0, 'price_to_ebitda': 0, 'recency': 1.0, 'freehold': 0.3, 'category': 0.5, 'proximity': 0.5}"
BusinessesForSale-1979122,Buy an Iconic Qld Country Pub,Mixed,BusinessesForSale,https://australia.businessesforsale.com/australian/iconic-qld-country-pub-for-sale.aspx,356.0,,,AU,,,Unknown,0,2025-11-06,"... For Sale in Quilpie. Listing ID: 3562628; Seller ref: 21563. Iconic Qld Country Pub For Sale. Quilpie, Queensland, Australia. Asking Price: $1,700,000 (AUD).",,0.295,"{'margin': 0.0, 'price_to_ebitda': 0, 'recency': 1.0, 'freehold': 0.3, 'category': 0.5, 'proximity': 0.5}"
BusinessesForSale-8962813,Pubs For Sale in Torrens Creek 1 Available To Buy Now,Mixed,BusinessesForSale,https://australia.businessesforsale.com/australian/search/pubs-for-sale-in-torrens-creek,1.0,,,AU,,,Unknown,0,2025-11-06,"Explore our extensive collection of pubs for sale in Torrens Creek. Find a secure and profitable investment in a classic and inviting hospitality business, ...",,0.295,"{'margin': 0.0, 'price_to_ebitda': 0, 'recency': 1.0, 'freehold': 0.3, 'category': 0.5, 'proximity': 0.5}"
BusinessesForSale-1303954,"Page 2 | Hotels and Pubs For Sale in Australia, buy a ...",Mixed,BusinessesForSale,https://australia.businessesforsale.com/australian/search/hotels-and-pubs-for-sale-2,2.0,,,AU,,,Unknown,0,2025-11-06,Page 2 | Browse Hotels and Pubs for sale in Australia. Search BusinessesForSale.com's 102 Hotels and Pubs available in Australia.,,0.295,"{'margin': 0.0, 'price_to_ebitda': 0, 'recency': 1.0, 'freehold': 0.3, 'category': 0.5, 'proximity': 0.5}"
BusinessesForSale-4558617,Buy a Freehold Country Hotel And Motel With Residence,Mixed,BusinessesForSale,https://australia.businessesforsale.com/australian/freehold-country-hotel-and-motel-with-residence-alpha-qld-for-sale.aspx,,,,AU,,,Unknown,0,2025-11-06,The Alpha Hotel Motel AND the adjacent historic Criterion Hotel are for sale and negotiable. Buy one or ask for a great deal for both!,,0.295,"{'margin': 0.0, 'price_to_ebitda': 0, 'recency': 1.0, 'freehold': 0.3, 'category': 0.5, 'proximity': 0.5}"
BusinessesForSale-511907,"Bars For Sale in Australia, 167 Available To Buy Now",Mixed,BusinessesForSale,https://australia.businessesforsale.com/australian/search/bars-for-sale-3,167.0,,,AU,,,Unknown,0,2025-11-06,Looking to own a piece of Australia's vibrant nightlife? Discover your perfect opportunity with our extensive list of bars for sale.,,0.295,"{'margin': 0.0, 'price_to_ebitda': 0, 'recency': 1.0, 'freehold': 0.3, 'category': 0.5, 'proximity': 0.5}"
BusinessesForSale-2170688,Camping and Caravan Parks For Sale In Queensland,Mixed,BusinessesForSale,https://australia.businessesforsale.com/australian/search/camping-and-caravan-parks-for-sale-in-queensland,,,,AU,,,Unknown,0,2025-11-06,Explore our diverse range of camping and caravan parks for sale in Queensland. Find a secure and profitable investment in a thriving ...,,0.295,"{'margin': 0.0, 'price_to_ebitda': 0, 'recency': 1.0, 'freehold': 0.3, 'category': 0.5, 'proximity': 0.5}"
BusinessesForSale-9472558,Camping and Caravan Parks For Sale In Australia,Mixed,BusinessesForSale,https://australia.businessesforsale.com/australian/search/camping-and-caravan-parks-for-sale,,,,AU,,,Unknown,0,2025-11-06,Explore our diverse range of camping and caravan parks for sale in Australia. Find a secure and profitable investment in a thriving ...,,0.295,"{'margin': 0.0, 'price_to_ebitda': 0, 'recency': 1.0, 'freehold': 0.3, 'category': 0.5, 'proximity': 0.5}"
BusinessesForSale-444287,Far North Queensland Coastal Tropical Caravan Tourist Park,Mixed,BusinessesForSale,https://australia.businessesforsale.com/australian/far-north-queensland-coastal-tropical-caravan-tourist-park-896cpl-for-sale.aspx,896.0,,,AU,,,Unknown,0,2025-11-06,"Far North Queensland Coastal Tropical Caravan Tourist Park - 896cpl For Sale. Cardwell, Queensland, Australia. Asking Price: LEASEHOLD $900,000 (AUD). Sales ...",,0.295,"{'margin': 0.0, 'price_to_ebitda': 0, 'recency': 1.0, 'freehold': 0.3, 'category': 0.5, 'proximity': 0.5}"
BusinessesForSale-4210064,RV Parks For Sale In Queensland,Mixed,BusinessesForSale,https://australia.businessesforsale.com/australian/search/rv-parks-for-sale-in-queensland,6.0,,,AU,,,Unknown,0,2025-11-06,Browse RV Parks for sale in Queensland. Search BusinessesForSale.com's 6 RV Parks available in Queensland.,,0.295,"{'margin': 0.0, 'price_to_ebitda': 0, 'recency': 1.0, 'freehold': 0.3, 'category': 0.5, 'proximity': 0.5}"
BusinessesForSale-7066285,Holiday Businesses For Sale In Queensland,Mixed,BusinessesForSale,https://australia.businessesforsale.com/australian/search/holiday-businesses-for-sale-in-queensland,8.0,,,AU,,,Unknown,0,2025-11-06,Browse Holiday Businesses for sale in Queensland. Search BusinessesForSale.com's 8 Holiday Businesses available in Queensland.,,0.295,"{'margin': 0.0, 'price_to_ebitda': 0, 'recency': 1.0, 'freehold': 0.3, 'category': 0.5, 'proximity': 0.5}"
BusinessesForSale-3834128,35662 Beachfront Holiday Park 10% Share Opportunity In ...,Mixed,BusinessesForSale,https://australia.businessesforsale.com/australian/35662-beachfront-holiday-park-10-share-opportunity-in-prime-location-for-sale.aspx,356.0,,,AU,,,Unknown,0,2025-11-06,35662 Beachfront Holiday Park 10% Share Opportunity In Prime Location For Sale · Prime beachfront setting with direct beach access and panoramic views.,,0.295,"{'margin': 0.0, 'price_to_ebitda': 0, 'recency': 1.0, 'freehold': 0.3, 'category': 0.5, 'proximity': 0.5}"
BusinessesForSale-6449357,Hidden Heritage Oasis Awaits For Sale,Mixed,BusinessesForSale,https://australia.businessesforsale.com/australian/hidden-heritage-oasis-awaits.aspx,186.0,,,AU,,,Unknown,0,2025-11-06,"For Sale. The Prince Alfred Hotel, known as the Gundy Pub & Caravan Park, is an iconic establishment with a rich legacy dating back to 1868.",,0.295,"{'margin': 0.0, 'price_to_ebitda': 0, 'recency': 1.0, 'freehold': 0.3, 'category': 0.5, 'proximity': 0.5}"
BusinessesForSale-1695220,RV Parks For Sale In Australia,Mixed,BusinessesForSale,https://australia.businessesforsale.com/australian/search/rv-parks-for-sale,15.0,,,AU,,,Unknown,0,2025-11-06,Browse RV Parks for sale in Australia. Search BusinessesForSale.com's 15 RV Parks available in Australia.,,0.295,"{'margin': 0.0, 'price_to_ebitda': 0, 'recency': 1.0, 'freehold': 0.3, 'category': 0.5, 'proximity': 0.5}"
BusinessesForSale-5115496,Owner Managed Camping and Caravan Parks for sale in ...,Mixed,BusinessesForSale,https://australia.businessesforsale.com/australian/search/owner-managed-camping-and-caravan-parks-for-sale-in-queensland,1.0,,,AU,,,Unknown,0,2025-11-06,Browse Owner Managed Camping and Caravan Parks for sale in Queensland. Search BusinessesForSale.com's 1 Camping and Caravan Parks available in Queensland.,,0.295,"{'margin': 0.0, 'price_to_ebitda': 0, 'recency': 1.0, 'freehold': 0.3, 'category': 0.5, 'proximity': 0.5}"
BusinessesForSale-274129,"Hotels For Sale in Queensland, 19 Available To Buy Now",Mixed,BusinessesForSale,https://australia.businessesforsale.com/australian/search/hotels-for-sale-in-queensland,19.0,,,AU,,,Unknown,0,2025-11-06,Find your next venture by exploring our selection of hotels for sale in Queensland. ... Hotel - Freehold - Restaurant - Caravan Park - Cabins ...,,0.295,"{'margin': 0.0, 'price_to_ebitda': 0, 'recency': 1.0, 'freehold': 0.3, 'category': 0.5, 'proximity': 0.5}"
BusinessesForSale-2056664,Car Wash and Valet Businesses For Sale In Australia,Mixed,BusinessesForSale,https://australia.businessesforsale.com/australian/search/car-wash-and-valet-businesses-for-sale,5000.0,,,AU,,,Unknown,0,2025-11-06,"Car Wash and Valet Businesses For Sale In Australia ; hand car wash big. Car Wash. Bentleigh. Taking $5,000 Per Week. 6 Days. Closed Sundays.",,0.295,"{'margin': 0.0, 'price_to_ebitda': 0, 'recency': 1.0, 'freehold': 0.3, 'category': 0.5, 'proximity': 0.5}"
BusinessesForSale-5055595,New and Used Car Sale Businesses and Car Wash and Valet ...,Mixed,BusinessesForSale,https://australia.businessesforsale.com/australian/search/new-and-used-car-sale-businesses-and-car-wash-and-valet-businesses-for-sale,500000.0,,,AU,,,Unknown,0,2025-11-06,Coin-Operated Car Wash for Sale - Mornington Peninsula Shire area. FREEHOLD + Business | $500K Annual Takings ...,,0.295,"{'margin': 0.0, 'price_to_ebitda': 0, 'recency': 1.0, 'freehold': 0.3, 'category': 0.5, 'proximity': 0.5}"
BusinessesForSale-7921667,Vehicle Related Businesses for sale in Queensland,Mixed,BusinessesForSale,https://australia.businessesforsale.com/australian/search/vehicle-related-businesses-for-sale-in-queensland-4,351.0,,,AU,,,Unknown,0,2025-11-06,Vehicle Related Businesses for sale in Queensland ... 35107 Profitable Car Wash & Detailing Business. Location: Queensland ... Queensland ...,,0.295,"{'margin': 0.0, 'price_to_ebitda': 0, 'recency': 1.0, 'freehold': 0.3, 'category': 0.5, 'proximity': 0.5}"
BusinessesForSale-3388935,Vehicle Related Businesses For Sale In Brisbane,Mixed,BusinessesForSale,https://australia.businessesforsale.com/australian/search/vehicle-related-businesses-for-sale-in-brisbane,,,,AU,,,Unknown,0,2025-11-06,Drive into the thriving automotive industry with a vast selection of vehicle-related businesses for sale in Brisbane.,,0.295,"{'margin': 0.0, 'price_to_ebitda': 0, 'recency': 1.0, 'freehold': 0.3, 'category': 0.5, 'proximity': 0.5}"
BusinessesForSale-6389502,Car Wash and Valet Businesses for sale,Mixed,BusinessesForSale,https://www.businessesforsale.com/search/car-wash-and-valet-businesses-for-sale-4,76.0,,,AU,,,Unknown,0,2025-11-06,Car Wash and Valet Businesses for sale. Showing 76 - 100 of 220. Coin-Operated Car Wash For Sale - Mornington Peninsula Shire. Location ...,,0.295,"{'margin': 0.0, 'price_to_ebitda': 0, 'recency': 1.0, 'freehold': 0.3, 'category': 0.5, 'proximity': 0.5}"
BusinessesForSale-3117268,Auto Repair Businesses For Sale In Australia,Mixed,BusinessesForSale,https://australia.businessesforsale.com/australian/search/auto-repair-businesses-for-sale-4,600000.0,,,AU,,,Unknown,0,2025-11-06,"Auto Repair Businesses For Sale In Australia ; profitable mechanic business for. Price: $600,000 + SAV. Categories: Automotive. Prime Mid ...",,0.295,"{'margin': 0.0, 'price_to_ebitda': 0, 'recency': 1.0, 'freehold': 0.3, 'category': 0.5, 'proximity': 0.5}"
BusinessesForSale-6672193,Commercial Cleaning Businesses For Sale In Queensland,Mixed,BusinessesForSale,https://australia.businessesforsale.com/australian/search/commercial-cleaning-businesses-for-sale-in-queensland,,,,AU,,,Unknown,0,2025-11-06,Invest in a clean and profitable future. Explore a wide range of commercial cleaning businesses for sale in Queensland.,,0.295,"{'margin': 0.0, 'price_to_ebitda': 0, 'recency': 1.0, 'freehold': 0.3, 'category': 0.5, 'proximity': 0.5}"
BusinessesForSale-3305758,Services Businesses For Sale In Queensland,Mixed,BusinessesForSale,https://australia.businessesforsale.com/australian/search/services-businesses-for-sale-in-queensland-16,16.0,,,AU,,,Unknown,0,2025-11-06,"Page 16 | Browse Services Businesses for sale in Queensland ... Car Wash & Tyre Shop - North Brisbane. Location: Aspley, Queensland ...",,0.295,"{'margin': 0.0, 'price_to_ebitda': 0, 'recency': 1.0, 'freehold': 0.3, 'category': 0.5, 'proximity': 0.5}"
BusinessesForSale-3708942,Transportation Related Manufacturing Businesses For Sale ...,Mixed,BusinessesForSale,https://australia.businessesforsale.com/australian/search/transportation-related-manufacturing-businesses-for-sale,,,,AU,,,Unknown,0,2025-11-06,Ready to get your business moving? Explore our listings of transportation-related manufacturing businesses for sale in Australia.,,0.295,"{'margin': 0.0, 'price_to_ebitda': 0, 'recency': 1.0, 'freehold': 0.3, 'category': 0.5, 'proximity': 0.5}"
BusinessesForSale-1706130,Transportation Businesses For Sale In Australia,Mixed,BusinessesForSale,https://australia.businessesforsale.com/australian/search/low-cost-transportation-businesses-for-sale,,,,AU,,,Unknown,0,2025-11-06,"Find a wide range of logistics, trucking, and delivery businesses for sale, from established fleets to small courier operations. ... car wash ...",,0.295,"{'margin': 0.0, 'price_to_ebitda': 0, 'recency': 1.0, 'freehold': 0.3, 'category': 0.5, 'proximity': 0.5}"
AnyBusiness-6499316,Bars/Nightclubs for sale in Queensland,Mixed,AnyBusiness,https://www.anybusiness.com.au/bars-nightclubs-for-sale/qld,,,,AU,,,Unknown,0,2025-11-06,"Thriving Bar Nightclub for Sale in the Heart of Cairns, QLD This is a rare opportunity to own a highly successful and vibrant bar nightclub located in the ...",,0.295,"{'margin': 0.0, 'price_to_ebitda': 0, 'recency': 1.0, 'freehold': 0.3, 'category': 0.5, 'proximity': 0.5}"
AnyBusiness-3076258,Motel Businesses for sale in Queensland,Mixed,AnyBusiness,https://www.anybusiness.com.au/motel-for-sale/qld,,,,AU,,,Unknown,0,2025-11-06,"With a variety of motels for sale, from cozy roadside inns to luxurious boutique accommodations, AnyBusiness provides the perfect platform to find your next ...",,0.295,"{'margin': 0.0, 'price_to_ebitda': 0, 'recency': 1.0, 'freehold': 0.3, 'category': 0.5, 'proximity': 0.5}"
AnyBusiness-8402026,Bars & Nightclubs For Sale in Brisbane QLD 4000,Mixed,AnyBusiness,https://www.anybusiness.com.au/bars-nightclubs-for-sale/qld/brisbane-4000,400.0,,,AU,,,Unknown,0,2025-11-06,"Exciting Bar/Restaurant with strong profit, systems! Everton Park |. Bars/Nightclubs for sale in Everton Park.",,0.295,"{'margin': 0.0, 'price_to_ebitda': 0, 'recency': 1.0, 'freehold': 0.3, 'category': 0.5, 'proximity': 0.5}"
AnyBusiness-2923461,Bars For Sale in El Arish QLD 4855,Mixed,AnyBusiness,https://www.anybusiness.com.au/bars-for-sale/qld/el-arish-4855,485.0,,,AU,,,Unknown,0,2025-11-06,Nestled between Mission Beach and Innisfail your future awaits. Queensland |. Food/Beverage for sale in Queensland.,,0.295,"{'margin': 0.0, 'price_to_ebitda': 0, 'recency': 1.0, 'freehold': 0.3, 'category': 0.5, 'proximity': 0.5}"
AnyBusiness-7046035,Bars For Sale in Hervey Bay Dc QLD 4655,Mixed,AnyBusiness,https://www.anybusiness.com.au/bars-for-sale/qld/hervey-bay-dc-4655,465.0,,,AU,,,Unknown,0,2025-11-06,"Unique cafe for sale in the heart of Hervey Bay, the gateway to Fraser Island This business values their commitment to service, freshness and convenience. Key ...",,0.295,"{'margin': 0.0, 'price_to_ebitda': 0, 'recency': 1.0, 'freehold': 0.3, 'category': 0.5, 'proximity': 0.5}"
AnyBusiness-8162558,Hotels For Sale in Wondai QLD 4606,Mixed,AnyBusiness,https://www.anybusiness.com.au/hotel-for-sale/qld/wondai-4606,460.0,,,AU,,,Unknown,0,2025-11-06,FOR SALE: Australia's Highest Whisky Bar The Bunya Mountains Tavern An Iconic Hospitality Opportunity in a Truly Magical Setting Australia's highest whisky bar ...,,0.295,"{'margin': 0.0, 'price_to_ebitda': 0, 'recency': 1.0, 'freehold': 0.3, 'category': 0.5, 'proximity': 0.5}"
AnyBusiness-8116897,Hotels For Sale in Maryborough QLD 4650,Mixed,AnyBusiness,https://www.anybusiness.com.au/hotel-for-sale/qld/maryborough-4650,100.0,,,AU,,,Unknown,0,2025-11-06,"... Hotel Freehold - Historic Qld Pub with Caravan park, cabins & beer garden. - KH1009. Queensland |. Hotel Businesses for sale in Queensland. $1,495,000. Hotel ...",,0.295,"{'margin': 0.0, 'price_to_ebitda': 0, 'recency': 1.0, 'freehold': 0.3, 'category': 0.5, 'proximity': 0.5}"
AnyBusiness-9944968,Businesses for Sale in Tully Heads QLD,Mixed,AnyBusiness,https://www.anybusiness.com.au/business-for-sale/qld/tully-heads-4854,107.0,,,AU,,,Unknown,0,2025-11-06,"REDUCED! Freehold Tavern, Hotel, Bar, Accom | ID: 1072 · Hotel Businesses for sale in Hull Heads. $1,100,000 +SAV · Geoff. Call · Ask Geoff about this business.",,0.295,"{'margin': 0.0, 'price_to_ebitda': 0, 'recency': 1.0, 'freehold': 0.3, 'category': 0.5, 'proximity': 0.5}"
AnyBusiness-2296923,Businesses for Sale in Goomeri QLD,Mixed,AnyBusiness,https://www.anybusiness.com.au/business-for-sale/qld/goomeri-4601,,,,AU,,,Unknown,0,2025-11-06,FOR SALE: Australia's Highest Whisky Bar The Bunya Mountains Tavern An Iconic Hospitality Opportunity in a Truly Magical Setting Australia's highest whisky bar ...,,0.295,"{'margin': 0.0, 'price_to_ebitda': 0, 'recency': 1.0, 'freehold': 0.3, 'category': 0.5, 'proximity': 0.5}"
AnyBusiness-1885128,Bars For Sale in Redland Bay QLD 4165,Mixed,AnyBusiness,https://www.anybusiness.com.au/bars-for-sale/qld/redland-bay-4165,416.0,,,AU,,,Unknown,0,2025-11-06,"TURNKEY HIGH-END BAR FOR SALE Strong Profits, and Stunning Fit-Out *Prime Location with Excellent Visibility *Beautifully Designed Bar For ...",,0.295,"{'margin': 0.0, 'price_to_ebitda': 0, 'recency': 1.0, 'freehold': 0.3, 'category': 0.5, 'proximity': 0.5}"
AnyBusiness-7924804,Caravan Parks for Sale in Queensland,Mixed,AnyBusiness,https://www.anybusiness.com.au/caravan-park-for-sale/qld,,,,AU,,,Unknown,0,2025-11-06,Caravan Parks for Sale in Queensland. Search suburb or postcode.,,0.295,"{'margin': 0.0, 'price_to_ebitda': 0, 'recency': 1.0, 'freehold': 0.3, 'category': 0.5, 'proximity': 0.5}"
AnyBusiness-8760030,Caravan Parks For Sale in Queensland,Mixed,AnyBusiness,https://www.anybusiness.com.au/caravan-parks-for-sale/qld,30.0,,,AU,,,Unknown,0,2025-11-06,"30 Year Lease - Immaculate Whitsundays Beachside Tourist Park · Queensland |. Caravan Park for sale in Queensland. Leasehold $1,600,000. Set ...",,0.295,"{'margin': 0.0, 'price_to_ebitda': 0, 'recency': 1.0, 'freehold': 0.3, 'category': 0.5, 'proximity': 0.5}"
AnyBusiness-9290725,Caravan Parks For Sale in Queensland,Mixed,AnyBusiness,https://www.anybusiness.com.au/caravan-park-for-sale/qld/moo-4630,30.0,,,AU,,,Unknown,0,2025-11-06,"30 Year Lease - Immaculate Whitsundays Beachside Tourist Park · Queensland |. Caravan Park for sale in Queensland. Leasehold $1,600,000. Set on the shores of ...",,0.295,"{'margin': 0.0, 'price_to_ebitda': 0, 'recency': 1.0, 'freehold': 0.3, 'category': 0.5, 'proximity': 0.5}"
AnyBusiness-8020808,Caravan Parks For Sale in Cardwell QLD 4849,Mixed,AnyBusiness,https://www.anybusiness.com.au/caravan-park-for-sale/qld/cardwell-4849,4.0,,,AU,,,Unknown,0,2025-11-06,A total 4 4 Caravan Parks For Sale in Cardwell QLD 4849. Sort by. Featured ... Far North Queensland Coastal Tropical Caravan Tourist Park - 896CPF.,,0.295,"{'margin': 0.0, 'price_to_ebitda': 0, 'recency': 1.0, 'freehold': 0.3, 'category': 0.5, 'proximity': 0.5}"
AnyBusiness-8952325,Caravan Parks For Sale in Innisfail QLD 4860,Mixed,AnyBusiness,https://www.anybusiness.com.au/caravan-park-for-sale/qld/innisfail-4860,486.0,,,AU,,,Unknown,0,2025-11-06,"Caravan Parks For Sale in Innisfail QLD 4860. INNISFAIL, QLD 4860. 1 category selected. QLD. Select regions. Min price. Max price. New listings only.",,0.295,"{'margin': 0.0, 'price_to_ebitda': 0, 'recency': 1.0, 'freehold': 0.3, 'category': 0.5, 'proximity': 0.5}"
AnyBusiness-2698437,Caravan Parks For Sale in Mission Beach QLD 4852,Mixed,AnyBusiness,https://www.anybusiness.com.au/caravan-park-for-sale/qld/mission-beach-4852,5.0,,,AU,,,Unknown,0,2025-11-06,A total 5 5 Caravan Parks For Sale in Mission Beach QLD 4852. Sort by ... Far North Queensland Coastal Tropical Caravan Tourist Park - 896CPL · Cardwell ...,,0.295,"{'margin': 0.0, 'price_to_ebitda': 0, 'recency': 1.0, 'freehold': 0.3, 'category': 0.5, 'proximity': 0.5}"
AnyBusiness-4855793,Caravan Parks For Sale in Wongaling Beach QLD 4852,Mixed,AnyBusiness,https://www.anybusiness.com.au/caravan-park-for-sale/qld/wongaling-beach-4852,485.0,,,AU,,,Unknown,0,2025-11-06,"Caravan Parks For Sale in Wongaling Beach QLD 4852. WONGALING BEACH, QLD 4852 ... Far North Queensland Coastal Tropical Caravan Tourist Park - 896CPL.",,0.295,"{'margin': 0.0, 'price_to_ebitda': 0, 'recency': 1.0, 'freehold': 0.3, 'category': 0.5, 'proximity': 0.5}"
AnyBusiness-4142230,Caravan Parks For Sale in Charleville QLD 4470,Mixed,AnyBusiness,https://www.anybusiness.com.au/caravan-park-for-sale/qld/charleville-4470,3.0,,,AU,,,Unknown,0,2025-11-06,A total 3 3 Caravan Parks For Sale in Charleville QLD 4470. Sort by. Featured ... Caravan park for sale in Perth · Caravan park for sale in Melbourne.,,0.295,"{'margin': 0.0, 'price_to_ebitda': 0, 'recency': 1.0, 'freehold': 0.3, 'category': 0.5, 'proximity': 0.5}"
AnyBusiness-6899358,Caravan Parks For Sale in Australia,Mixed,AnyBusiness,https://www.anybusiness.com.au/caravan-parks-for-sale,1.259,,,AU,,,Unknown,0,2025-11-06,"The Old Mill Caravan Park Dongara is being offered for sale freehold & business. Situated on 1.259 hectares, only minutes from town centre ...",,0.295,"{'margin': 0.0, 'price_to_ebitda': 0, 'recency': 1.0, 'freehold': 0.3, 'category': 0.5, 'proximity': 0.5}"
AnyBusiness-3287370,30 Year Lease - Immaculate Whitsundays Beachside Tourist Park,Mixed,AnyBusiness,https://ftp.anybusiness.com.au/listings/accommodation-tourism-caravan-park-3441259,30.0,,,AU,,,Unknown,0,2025-11-06,Accommodation/tourism for sale in Queensland · Caravan park for sale in Queensland. 30 Year Lease - Immaculate Whitsundays Beachside Tourist Park. Caravan Park ...,,0.295,"{'margin': 0.0, 'price_to_ebitda': 0, 'recency': 1.0, 'freehold': 0.3, 'category': 0.5, 'proximity': 0.5}"
AnyBusiness-6877177,Car Wash Business for Sale in Australia,Mixed,AnyBusiness,https://www.anybusiness.com.au/car-wash-for-sale,400000.0,,,AU,,,Unknown,0,2025-11-06,"Queensland |. Car Wash Businesses for sale in Queensland. $400,000.00. If you've been waiting for a car wash opportunity with minimal owner ...",,0.295,"{'margin': 0.0, 'price_to_ebitda': 0, 'recency': 1.0, 'freehold': 0.3, 'category': 0.5, 'proximity': 0.5}"
AnyBusiness-2574672,Car Washes for Sale in Pacific Fair QLD,Mixed,AnyBusiness,https://www.anybusiness.com.au/car-wash-for-sale/qld/pacific-fair-4218,5.0,,,AU,,,Unknown,0,2025-11-06,"Currently, there are 5 car wash businesses for sale in Pacific Fair, with entry-level investments starting from $249,000 and premium opportunities reaching ...",,0.295,"{'margin': 0.0, 'price_to_ebitda': 0, 'recency': 1.0, 'freehold': 0.3, 'category': 0.5, 'proximity': 0.5}"
AnyBusiness-5041812,Car Washes For Sale in South Brisbane QLD 4101,Mixed,AnyBusiness,https://www.anybusiness.com.au/car-wash-for-sale/qld/south-brisbane-4101,410.0,,,AU,,,Unknown,0,2025-11-06,Off-Market Car Wash Opportunity. Freehold Inclusive · Queensland |. Car Wash Businesses for sale in Queensland. Under Offer. (Under Offer). Rare Off-Market ...,,0.295,"{'margin': 0.0, 'price_to_ebitda': 0, 'recency': 1.0, 'freehold': 0.3, 'category': 0.5, 'proximity': 0.5}"
AnyBusiness-8087306,Car Washes For Sale in Coorparoo QLD 4151,Mixed,AnyBusiness,https://www.anybusiness.com.au/car-wash-for-sale/qld/coorparoo-4151,415.0,,,AU,,,Unknown,0,2025-11-06,Off-Market Car Wash Opportunity. Freehold Inclusive · Queensland |. Car Wash Businesses for sale in Queensland. Under Offer. (Under Offer). Rare Off-Market ...,,0.295,"{'margin': 0.0, 'price_to_ebitda': 0, 'recency': 1.0, 'freehold': 0.3, 'category': 0.5, 'proximity': 0.5}"
AnyBusiness-437704,Car Washes For Sale in Calamvale QLD 4116,Mixed,AnyBusiness,https://www.anybusiness.com.au/car-wash-for-sale/qld/calamvale-4116,400000.0,,,AU,,,Unknown,0,2025-11-06,"Queensland |. Car Wash Businesses for sale in Queensland. $400,000.00. If you've been waiting for a car wash opportunity with minimal owner involvement, high ...",,0.295,"{'margin': 0.0, 'price_to_ebitda': 0, 'recency': 1.0, 'freehold': 0.3, 'category': 0.5, 'proximity': 0.5}"
AnyBusiness-2599776,"7 eleven petrol station, carwash & convenience store for sale",Mixed,AnyBusiness,https://www.anybusiness.com.au/listings/automotive-service-station-car-wash-retail-food-beverage-3435956,7.0,,,AU,,,Unknown,0,2025-11-06,"7 ELEVEN PETROL STATION, CARWASH & CONVENIENCE STORE FOR SALE. Service Station | Business for Sale | Queensland. This 7 Eleven service station and convenience ...",,0.295,"{'margin': 0.0, 'price_to_ebitda': 0, 'recency': 1.0, 'freehold': 0.3, 'category': 0.5, 'proximity': 0.5}"
AnyBusiness-9039081,Car Washes For Sale in Jimboomba QLD 4280,Mixed,AnyBusiness,https://www.anybusiness.com.au/car-wash-for-sale/qld/jimboomba-4280,428.0,,,AU,,,Unknown,0,2025-11-06,Car Washes For Sale in Jimboomba QLD 4280 · Businesses in major cities · Nearby businesses for sale · Business for sale buyers are also searching.,,0.295,"{'margin': 0.0, 'price_to_ebitda': 0, 'recency': 1.0, 'freehold': 0.3, 'category': 0.5, 'proximity': 0.5}"
AnyBusiness-127590,Car Washes For Sale in Morayfield QLD 4506,Mixed,AnyBusiness,https://www.anybusiness.com.au/car-wash-for-sale/qld/morayfield-4506,450.0,,,AU,,,Unknown,0,2025-11-06,Off-Market Car Wash Opportunity. Freehold Inclusive · Queensland |. Car Wash Businesses for sale in Queensland. Under Offer. (Under Offer). Rare Off-Market ...,,0.295,"{'margin': 0.0, 'price_to_ebitda': 0, 'recency': 1.0, 'freehold': 0.3, 'category': 0.5, 'proximity': 0.5}"
AnyBusiness-7000539,Low-Input Car Wash in High-Growth Area,Mixed,AnyBusiness,https://www.anybusiness.com.au/listings/automotive-car-wash-3448642,,,,AU,,,Unknown,0,2025-11-06,Low-Input Car Wash in High-Growth Area - Prime Main Road Location. Car Wash | Business for Sale | Queensland. If you've been waiting for a car wash opportunity ...,,0.295,"{'margin': 0.0, 'price_to_ebitda': 0, 'recency': 1.0, 'freehold': 0.3, 'category': 0.5, 'proximity': 0.5}"
AnyBusiness-796244,Car Washes For Sale in Chermside QLD 4032,Mixed,AnyBusiness,https://www.anybusiness.com.au/car-wash-for-sale/qld/chermside-4032,403.0,,,AU,,,Unknown,0,2025-11-06,Off-Market Car Wash Opportunity. Freehold Inclusive · Queensland |. Car Wash Businesses for sale in Queensland. Under Offer. (Under Offer). Rare Off-Market ...,,0.295,"{'margin': 0.0, 'price_to_ebitda': 0, 'recency': 1.0, 'freehold': 0.3, 'category': 0.5, 'proximity': 0.5}"
CommercialRealEstate-6464443,"hotel, motel, pub & leisure properties for sale in QLD",Hotels/Pubs,CommercialRealEstate,https://www.commercialrealestate.com.au/for-sale/qld/hotel-leisure/,278.0,,,AU,,,Unknown,0,2025-11-06,"Explore 278 Hotel, Motel, Pub & Leisure Properties for sale in QLD. Take the first step towards owning your own successful business ...",,0.295,"{'margin': 0.0, 'price_to_ebitda': 0, 'recency': 1.0, 'freehold': 0.3, 'category': 0.5, 'proximity': 0.5}"
CommercialRealEstate-9519092,43 Motel Businesses for Sale in QLD,Hotels/Pubs,CommercialRealEstate,https://www.commercialrealestate.com.au/business-for-sale/qld/motel/,43.0,,,AU,,,Unknown,0,2025-11-06,43 Motel Businesses for Sale in QLD · New. Live The Coastal Dream With A Proven Income - 2885mf · New. Biggenden Hotel Pub Passive Investment ...,,0.295,"{'margin': 0.0, 'price_to_ebitda': 0, 'recency': 1.0, 'freehold': 0.3, 'category': 0.5, 'proximity': 0.5}"
CommercialRealEstate-2664194,"hotel, motel, pub & leisure properties for sale in Far North ...",Hotels/Pubs,CommercialRealEstate,https://www.commercialrealestate.com.au/for-sale/far-north-queensland-greater-region-qld/hotel-leisure/,46.0,,,AU,,,Unknown,0,2025-11-06,"46 hotel, motel, pub & leisure properties for sale in Far North Queensland Greater Region, QLD ; $988,000 · Clifton Beach QLD 4879.",,0.295,"{'margin': 0.0, 'price_to_ebitda': 0, 'recency': 1.0, 'freehold': 0.3, 'category': 0.5, 'proximity': 0.5}"
CommercialRealEstate-6018717,"5 Hotel, Motel, Pub & Leisure Properties For Sale in Laura ...",Hotels/Pubs,CommercialRealEstate,https://www.commercialrealestate.com.au/for-sale/laura-qld-4892/hotel-leisure/,5.0,,,AU,,,Unknown,0,2025-11-06,"5 hotel, motel, pub & leisure properties for sale in Laura, QLD 4892 · 2869 Rossville Bloomfield Rd, Bloomfield QLD 4895 · 70 Bruce Highway, Mirriwinni QLD 4871.",,0.295,"{'margin': 0.0, 'price_to_ebitda': 0, 'recency': 1.0, 'freehold': 0.3, 'category': 0.5, 'proximity': 0.5}"
CommercialRealEstate-9302462,"hotel, motel, pub & leisure properties for sale in QLD",Hotels/Pubs,CommercialRealEstate,https://www.commercialrealestate.com.au/for-sale/qld/hotel-leisure/pub/,20.0,,,AU,,,Unknown,0,2025-11-06,"Explore 20 Hotel, Motel, Pub & Leisure Properties for sale in QLD. Take the first step towards owning your own successful business today ...",,0.295,"{'margin': 0.0, 'price_to_ebitda': 0, 'recency': 1.0, 'freehold': 0.3, 'category': 0.5, 'proximity': 0.5}"
CommercialRealEstate-6527768,"9 Hotel, Motel, Pub & Leisure Properties For Sale in ...",Hotels/Pubs,CommercialRealEstate,https://www.commercialrealestate.com.au/for-sale/emerald-qld-4720/hotel-leisure/,9.0,,,AU,,,Unknown,0,2025-11-06,"9 hotel, motel, pub & leisure properties for sale in Emerald, QLD 4720. Includes surrounding areas. Results 1 to 9 of 9.",,0.295,"{'margin': 0.0, 'price_to_ebitda': 0, 'recency': 1.0, 'freehold': 0.3, 'category': 0.5, 'proximity': 0.5}"
CommercialRealEstate-830529,"13 Hotel, Motel, Pub & Leisure Properties For Sale in Alpha ...",Hotels/Pubs,CommercialRealEstate,https://www.commercialrealestate.com.au/for-sale/alpha-qld-4724/hotel-leisure/,13.0,,,AU,,,Unknown,0,2025-11-06,"13 hotel, motel, pub & leisure properties for sale in Alpha, QLD 4724 ; $700,000 (Freehold and Business) · 48 Eclipse Street, Springsure QLD ...",,0.295,"{'margin': 0.0, 'price_to_ebitda': 0, 'recency': 1.0, 'freehold': 0.3, 'category': 0.5, 'proximity': 0.5}"
CommercialRealEstate-1052556,Hotels for Sale in Mission Beach,Hotels/Pubs,CommercialRealEstate,https://www.commercialrealestate.com.au/for-sale/mission+beach-qld-4852/hotel-leisure/,485.0,,,AU,,,Unknown,0,2025-11-06,"Explore Hotel, Motel, Pub & Leisure Property for sale in Mission Beach, QLD 4852 & surrounding areas. Take the first step towards owning your own successful ...",,0.295,"{'margin': 0.0, 'price_to_ebitda': 0, 'recency': 1.0, 'freehold': 0.3, 'category': 0.5, 'proximity': 0.5}"
CommercialRealEstate-6388830,Five regional Queensland pubs for sale right now,Hotels/Pubs,CommercialRealEstate,https://www.commercialrealestate.com.au/news/five-regional-queensland-pubs-for-sale-right-now-1359817/,,,,AU,,,Unknown,0,2025-11-06,"Five regional Queensland pubs for sale right now · Karumba Lodge Hotel, Karumba · Babinda State Hotel, Babinda · Torrens Creek Hotel, Torrens Creek.",,0.295,"{'margin': 0.0, 'price_to_ebitda': 0, 'recency': 1.0, 'freehold': 0.3, 'category': 0.5, 'proximity': 0.5}"
CommercialRealEstate-906270,"20 Hotel, Motel, Pub & Leisure Properties For Sale in Wide ...",Hotels/Pubs,CommercialRealEstate,https://www.commercialrealestate.com.au/for-sale/wide-bay-burnett-greater-region-qld/hotel-leisure/,20.0,,,AU,,,Unknown,0,2025-11-06,"20 hotel, motel, pub & leisure properties for sale in Wide Bay Burnett Greater Region, QLD ; $990,000 (excl. GST) · Rainbow Beach QLD 4581.",,0.295,"{'margin': 0.0, 'price_to_ebitda': 0, 'recency': 1.0, 'freehold': 0.3, 'category': 0.5, 'proximity': 0.5}"
CommercialRealEstate-9087490,16 Caravan Park Businesses for Sale in QLD,Hotels/Pubs,CommercialRealEstate,https://www.commercialrealestate.com.au/business-for-sale/qld/caravan-park/,16.0,,,AU,,,Unknown,0,2025-11-06,Search from 16 Caravan Park Businesses for Sale in QLD. Find the perfect business opportunity that suits your needs.,,0.295,"{'margin': 0.0, 'price_to_ebitda': 0, 'recency': 1.0, 'freehold': 0.3, 'category': 0.5, 'proximity': 0.5}"
CommercialRealEstate-3506294,Caravan Park Businesses for Sale in Far North ...,Hotels/Pubs,CommercialRealEstate,https://www.commercialrealestate.com.au/business-for-sale/far-north-queensland-greater-region-qld/caravan-park/,3.0,,,AU,,,Unknown,0,2025-11-06,"Search from 3 Caravan Park Businesses for Sale in Far North Queensland Greater Region, QLD. Find the perfect business opportunity that suits your needs.",,0.295,"{'margin': 0.0, 'price_to_ebitda': 0, 'recency': 1.0, 'freehold': 0.3, 'category': 0.5, 'proximity': 0.5}"
CommercialRealEstate-7085414,65 Caravan Park Businesses for Sale in Australia,Hotels/Pubs,CommercialRealEstate,https://www.commercialrealestate.com.au/business-for-sale/australia/caravan-park/,65.0,,,AU,,,Unknown,0,2025-11-06,Search from 65 Caravan Park Businesses for Sale in Australia. Find the perfect business opportunity that suits your needs.,,0.295,"{'margin': 0.0, 'price_to_ebitda': 0, 'recency': 1.0, 'freehold': 0.3, 'category': 0.5, 'proximity': 0.5}"
CommercialRealEstate-1958477,Rose City Caravan Park Warwick Qld - 1068CPF,Hotels/Pubs,CommercialRealEstate,https://www.commercialrealestate.com.au/business-for-sale/rose-city-caravan-park-warwick-qld-1068cpf-2020101415,437.0,,,AU,,,Unknown,0,2025-11-06,Explore this business for Sale at Warwick QLD 4370. Rose City Caravan Park Warwick Qld - 1068CPF.,,0.295,"{'margin': 0.0, 'price_to_ebitda': 0, 'recency': 1.0, 'freehold': 0.3, 'category': 0.5, 'proximity': 0.5}"
CommercialRealEstate-2192398,"Caravan Park Businesses for Sale in Charleville, QLD 4470",Hotels/Pubs,CommercialRealEstate,https://www.commercialrealestate.com.au/business-for-sale/charleville-qld-4470/caravan-park/,2.0,,,AU,,,Unknown,0,2025-11-06,"Search from 2 Caravan Park Businesses for Sale in Charleville, QLD 4470 & surrounding areas. Find the perfect business opportunity that suits your needs.",,0.295,"{'margin': 0.0, 'price_to_ebitda': 0, 'recency': 1.0, 'freehold': 0.3, 'category': 0.5, 'proximity': 0.5}"
CommercialRealEstate-6264399,Caravan Park business for sale in Maryborough,Hotels/Pubs,CommercialRealEstate,https://www.commercialrealestate.com.au/business-for-sale/36129-profitable-country-pub-and-caravan-park-free-hold-included-2020230791,465.0,,,AU,,,Unknown,0,2025-11-06,Explore this business for Sale at Maryborough QLD 4650. 36129 - PROFITABLE COUNTRY PUB AND CARAVAN PARK - FREE HOLD INCLUDED.,,0.295,"{'margin': 0.0, 'price_to_ebitda': 0, 'recency': 1.0, 'freehold': 0.3, 'category': 0.5, 'proximity': 0.5}"
CommercialRealEstate-362872,Caravan Park business for sale in Feluga,Hotels/Pubs,CommercialRealEstate,https://www.commercialrealestate.com.au/business-for-sale/freehold-tropical-rainforest-coastal-park-returning-15-id-1039cpf-2017910610,465.0,,,AU,,,Unknown,0,2025-11-06,"... au. Send. More Caravan Park businesses for Sale in Feluga. Maryborough QLD 4650. $1,495,000 (GST na). Maryborough QLD 4650. Caravan Park. Hervey Bay QLD 4655.",,0.295,"{'margin': 0.0, 'price_to_ebitda': 0, 'recency': 1.0, 'freehold': 0.3, 'category': 0.5, 'proximity': 0.5}"
CommercialRealEstate-6847577,Caravan Park business for sale in Cardwell,Hotels/Pubs,CommercialRealEstate,https://www.commercialrealestate.com.au/business-for-sale/far-north-queensland-coastal-tropical-caravan-tourist-park-896cpl-2019489738,896.0,,,AU,,,Unknown,0,2025-11-06,Far North Queensland Coastal Tropical Caravan Tourist Park - 896CPL · Business Highlights · Business Highlights · More Caravan Park businesses for Sale in Cardwell.,,0.295,"{'margin': 0.0, 'price_to_ebitda': 0, 'recency': 1.0, 'freehold': 0.3, 'category': 0.5, 'proximity': 0.5}"
CommercialRealEstate-2536212,Caravan Park business for sale in Emerald,Hotels/Pubs,CommercialRealEstate,https://www.commercialrealestate.com.au/business-for-sale/rare-opportunity-huge-cashflow-fantasic-upside-1060cpl-2020078437,472.0,,,AU,,,Unknown,0,2025-11-06,Explore this business for Sale at Emerald QLD 4720. RARE ... Caravan Park business for sale in Emerald - Image 1. Caravan Park ...,,0.295,"{'margin': 0.0, 'price_to_ebitda': 0, 'recency': 1.0, 'freehold': 0.3, 'category': 0.5, 'proximity': 0.5}"
CommercialRealEstate-422546,"1 Caravan Park Business for Sale in Gympie Region, QLD",Hotels/Pubs,CommercialRealEstate,https://www.commercialrealestate.com.au/business-for-sale/gympie-region-qld/caravan-park/,1.0,,,AU,,,Unknown,0,2025-11-06,"1 Caravan Park Business for Sale in Gympie Region, QLD ; Offers over $2.65mil · 2484 Bruce Highway Gunalda QLD 4570 · Accommodation & Tourism ...",,0.295,"{'margin': 0.0, 'price_to_ebitda': 0, 'recency': 1.0, 'freehold': 0.3, 'category': 0.5, 'proximity': 0.5}"
ResortBrokers-2366238,Caravan Parks For Sale QLD - Resort Brokers,Hotels/Motels/Caravan Parks,ResortBrokers,https://www.resortbrokers.com.au/caravan-parks-for-sale/queensland/,,,,AU,,,Mixed,0,2025-11-06,"We provide a comprehensive listing of caravan parks for sale in key cities and regions across the Sunshine State, from Cooktown and Cape Tribulation in the ...",,0.295,"{'margin': 0.0, 'price_to_ebitda': 0, 'recency': 1.0, 'freehold': 0.3, 'category': 0.5, 'proximity': 0.5}"
ResortBrokers-4894602,"Management Rights for sale, Businesses for Sale, Caravan ...",Hotels/Motels/Caravan Parks,ResortBrokers,https://www.resortbrokers.com.au/properties/,293760.0,,,AU,,,Mixed,0,2025-11-06,"Hotel Freehold Going Concern. Mount Victoria, NSW. Net $293,760 ... For Sale · Marketing Your Property Correctly · The Sales Process ...",,0.295,"{'margin': 0.0, 'price_to_ebitda': 0, 'recency': 1.0, 'freehold': 0.3, 'category': 0.5, 'proximity': 0.5}"
ResortBrokers-4142738,Freehold Passive Investment Caravan / Cabin Park For Sale,Hotels/Motels/Caravan Parks,ResortBrokers,https://www.resortbrokers.com.au/caravan-parks-for-sale/queensland/st-george/INV008780/,,,,AU,,,Mixed,0,2025-11-06,"... park located in the thriving regional centre of St George, Queensland. Set ... For Sale · Marketing Your Property Correctly · The Sales Process · Resources ...",,0.295,"{'margin': 0.0, 'price_to_ebitda': 0, 'recency': 1.0, 'freehold': 0.3, 'category': 0.5, 'proximity': 0.5}"
ResortBrokers-4357894,Aratula Village Scenic Rim - Freehold Opportunity not to be ...,Hotels/Motels/Caravan Parks,ResortBrokers,https://www.resortbrokers.com.au/motels-for-sale/queensland/aratula/FH008558/,,,,AU,,,Mixed,0,2025-11-06,ResortBrokers presents a unique opportunity to acquire a well-established motel and caravan park in the picturesque Aratula Village. ... For Sale · Marketing Your ...,,0.295,"{'margin': 0.0, 'price_to_ebitda': 0, 'recency': 1.0, 'freehold': 0.3, 'category': 0.5, 'proximity': 0.5}"
ResortBrokers-9158317,Freehold Caravan park in Hervey Bay - one of Queensland ...,Hotels/Motels/Caravan Parks,ResortBrokers,https://www.resortbrokers.com.au/caravan-parks-for-sale/queensland/urangan/FH008841/,,,,AU,,,Mixed,0,2025-11-06,Freehold Caravan park in Hervey Bay - one of Queensland Hottest Coastal Markets. ... For Sale · Marketing Your Property Correctly · The Sales Process · Resources ...,,0.295,"{'margin': 0.0, 'price_to_ebitda': 0, 'recency': 1.0, 'freehold': 0.3, 'category': 0.5, 'proximity': 0.5}"
ResortBrokers-418772,"Lake Callide Retreat – Low Rent, High Demand, Growth ...",Hotels/Motels/Caravan Parks,ResortBrokers,https://www.resortbrokers.com.au/caravan-parks-for-sale/queensland/biloela/LH008834/,,,,AU,,,Mixed,0,2025-11-06,"... park and cabin retreat beside Callide Dam, offering self-contained cabins ... For Sale · Marketing Your Property Correctly · The Sales Process · Resources ...",,0.295,"{'margin': 0.0, 'price_to_ebitda': 0, 'recency': 1.0, 'freehold': 0.3, 'category': 0.5, 'proximity': 0.5}"
ResortBrokers-1195401,Caravan Parks For Sale Australia-Wide,Hotels/Motels/Caravan Parks,ResortBrokers,https://www.resortbrokers.com.au/caravan-parks-for-sale/,,,,AU,,,Mixed,0,2025-11-06,"Wherever you're looking for caravan parks for sale, from Queensland and New South Wales down to Victoria, ACT, South Australia and Tasmania ...",,0.295,"{'margin': 0.0, 'price_to_ebitda': 0, 'recency': 1.0, 'freehold': 0.3, 'category': 0.5, 'proximity': 0.5}"
ResortBrokers-1374343,Caravan Park Brokers in QLD,Hotels/Motels/Caravan Parks,ResortBrokers,https://www.resortbrokers.com.au/caravan-park-brokers/qld/,,,,AU,,,Mixed,0,2025-11-06,... For Sale · Marketing Your Property Correctly · The Sales Process · Resources · Industry Specialists · Recent Sales · Rate Your Experience ...,,0.295,"{'margin': 0.0, 'price_to_ebitda': 0, 'recency': 1.0, 'freehold': 0.3, 'category': 0.5, 'proximity': 0.5}"
ResortBrokers-1605062,"Motels, Management Rights, Caravan Parks For Sale ...",Hotels/Motels/Caravan Parks,ResortBrokers,https://www.resortbrokers.com.au/,,,,AU,,,Mixed,0,2025-11-06,"As the proven leader when it comes to motels for sale in Brisbane, Queensland and Australia, Resort Brokers will secure the best deal to suit you and your ...",,0.295,"{'margin': 0.0, 'price_to_ebitda': 0, 'recency': 1.0, 'freehold': 0.3, 'category': 0.5, 'proximity': 0.5}"
ResortBrokers-4470039,Absolute Best Buy Council leasehold Park in a popular ...,Hotels/Motels/Caravan Parks,ResortBrokers,https://www.resortbrokers.com.au/caravan-parks-for-sale/queensland/lucinda/LH006952/,,,,AU,,,Mixed,0,2025-11-06,... For Sale · Marketing Your Property Correctly · The Sales Process · Resources · Industry Specialists · Recent Sales · Rate Your Experience · Motels - Recent ...,,0.295,"{'margin': 0.0, 'price_to_ebitda': 0, 'recency': 1.0, 'freehold': 0.3, 'category': 0.5, 'proximity': 0.5}"
ResortBrokers-121677,Motels For Sale Queensland,Hotels/Motels/Caravan Parks,ResortBrokers,https://www.resortbrokers.com.au/motels-for-sale/queensland/,,,,AU,,,Mixed,0,2025-11-06,We offer a comprehensive listing of leasehold and freehold motels for sale in Queensland. Searching for an ideal property to buy is easy when you check through ...,,0.295,"{'margin': 0.0, 'price_to_ebitda': 0, 'recency': 1.0, 'freehold': 0.3, 'category': 0.5, 'proximity': 0.5}"
ResortBrokers-5570404,Hotels For Sale Queensland,Hotels/Motels/Caravan Parks,ResortBrokers,https://www.resortbrokers.com.au/hotels-for-sale/queensland/,,,,AU,,,Mixed,0,2025-11-06,Our professional services can help you find and buy a hotel for sale in Queensland for your investment. Begin your search with our extensive list of hotels for ...,,0.295,"{'margin': 0.0, 'price_to_ebitda': 0, 'recency': 1.0, 'freehold': 0.3, 'category': 0.5, 'proximity': 0.5}"
ResortBrokers-4542114,Hotels For Sale | Resort Brokers Australia,Hotels/Motels/Caravan Parks,ResortBrokers,https://www.resortbrokers.com.au/hotels-for-sale/,,,,AU,,,Mixed,0,2025-11-06,"We have quality hotels for sale throughout Australia. You can find hotels in popular cities, such as Sydney and Melbourne, along with regional areas.",,0.295,"{'margin': 0.0, 'price_to_ebitda': 0, 'recency': 1.0, 'freehold': 0.3, 'category': 0.5, 'proximity': 0.5}"
ResortBrokers-2725349,Motels For Sale Australia-Wide,Hotels/Motels/Caravan Parks,ResortBrokers,https://www.resortbrokers.com.au/motels-for-sale/,,,,AU,,,Mixed,0,2025-11-06,"We also have a variety of motels for sale in regional areas, including Toowoomba in Queensland, Coffs Harbour and many more. Search for the ...",,0.295,"{'margin': 0.0, 'price_to_ebitda': 0, 'recency': 1.0, 'freehold': 0.3, 'category': 0.5, 'proximity': 0.5}"
ResortBrokers-1270539,Management Rights For Sale Queensland,Hotels/Motels/Caravan Parks,ResortBrokers,https://www.resortbrokers.com.au/management-rights-for-sale/queensland/,,,,AU,,,Mixed,0,2025-11-06,"Check out our extensive range of holiday, short-term and residential management rights for sale in prime locations throughout Queensland.",,0.295,"{'margin': 0.0, 'price_to_ebitda': 0, 'recency': 1.0, 'freehold': 0.3, 'category': 0.5, 'proximity': 0.5}"
ResortBrokers-3103744,Acquire Barcaldine's Premier Accommodation Business,Hotels/Motels/Caravan Parks,ResortBrokers,https://www.resortbrokers.com.au/motels-for-sale/queensland/barcaldine/FH008597/,410.0,,,AU,,,Mixed,0,2025-11-06,... For Sale · Marketing Your Property Correctly · The Sales Process · Resources ... QLD 4101 Phone: +61 7 3878 3999 Maps & Directions · Site by SeventyTwo · Home.,,0.295,"{'margin': 0.0, 'price_to_ebitda': 0, 'recency': 1.0, 'freehold': 0.3, 'category': 0.5, 'proximity': 0.5}"
ResortBrokers-6749146,Hotels For Sale Brisbane,Hotels/Motels/Caravan Parks,ResortBrokers,https://www.resortbrokers.com.au/hotels-for-sale/queensland/brisbane/,,,,AU,,,Mixed,0,2025-11-06,Are you looking for a Hotel for sale in Brisbane? Resort Brokers Australia are the market leaders in selling tourism properties in Australia.,,0.295,"{'margin': 0.0, 'price_to_ebitda': 0, 'recency': 1.0, 'freehold': 0.3, 'category': 0.5, 'proximity': 0.5}"
ResortBrokers-6169059,Management Rights - All Apartment Hotels For Sale | QLD,Hotels/Motels/Caravan Parks,ResortBrokers,https://www.resortbrokers.com.au/management-rights-for-sale/queensland/cairns-north/MR008459/,,,,AU,,,Mixed,0,2025-11-06,... For Sale · Marketing Your Property Correctly · The Sales Process · Resources · Industry Specialists · Recent Sales · Rate Your Experience · Motels - Recent ...,,0.295,"{'margin': 0.0, 'price_to_ebitda': 0, 'recency': 1.0, 'freehold': 0.3, 'category': 0.5, 'proximity': 0.5}"
Gumtree-8534039,13 Results: bar in Queensland - Business For Sale - Gumtree,Mixed,Gumtree,https://www.gumtree.com.au/s-business-for-sale/qld/bar/k0c18468l3008841,13.0,,,AU,,,Mixed,0,2025-11-06,Find bar ads in our Business For Sale category from Queensland. Buy and sell almost anything on Gumtree classifieds.,,0.295,"{'margin': 0.0, 'price_to_ebitda': 0, 'recency': 1.0, 'freehold': 0.3, 'category': 0.5, 'proximity': 0.5}"
Gumtree-3746882,pub | Business For Sale | Gumtree Australia Local Classifieds,Mixed,Gumtree,https://www.gumtree.com.au/s-business-for-sale/pub/k0c18468,10.0,,,AU,,,Mixed,0,2025-11-06,"Historic pub business for sale near Port Augusta. Only pub in town, 10 gaming Machines, Restaurant and rooms upstairs. Good weekly sales and gaming revenue, ...",,0.295,"{'margin': 0.0, 'price_to_ebitda': 0, 'recency': 1.0, 'freehold': 0.3, 'category': 0.5, 'proximity': 0.5}"
Gumtree-7558666,214 Results: Business For Sale in Queensland - Gumtree,Mixed,Gumtree,https://www.gumtree.com.au/s-business-for-sale/qld/c18468l3008841,214.0,,,AU,,,Mixed,0,2025-11-06,Find Business For Sale ads in Queensland. Buy and sell almost anything on Gumtree classifieds.,,0.295,"{'margin': 0.0, 'price_to_ebitda': 0, 'recency': 1.0, 'freehold': 0.3, 'category': 0.5, 'proximity': 0.5}"
Gumtree-3335784,pub for sale | Gumtree Australia Local Classifieds | Page 2,Mixed,Gumtree,https://www.gumtree.com.au/s-pub+for+sale/page-2/k0,375000.0,,,AU,,,Mixed,0,2025-11-06,Business for sale. Caravan Park For Sale - Trangie NSW Business for sale - Freehold Caravan Park “Tandara” $375k Freehold around 1.5! acres ...,,0.295,"{'margin': 0.0, 'price_to_ebitda': 0, 'recency': 1.0, 'freehold': 0.3, 'category': 0.5, 'proximity': 0.5}"
Gumtree-5796982,"Business For Sale - Brisbane, QLD - Gumtree Australia",Mixed,Gumtree,https://www.gumtree.com.au/s-business-for-sale/brisbane/businesstype-services/c18468l3005721r500,,,,AU,,,Mixed,0,2025-11-06,"Find a Business For Sale in Brisbane, QLD. Buy and sell a Business and almost anything on Gumtree Australia.",,0.295,"{'margin': 0.0, 'price_to_ebitda': 0, 'recency': 1.0, 'freehold': 0.3, 'category': 0.5, 'proximity': 0.5}"
Gumtree-4449052,pub kitchen for lease in Australia - Real Estate - Gumtree,Mixed,Gumtree,https://www.gumtree.com.au/s-real-estate/pub+kitchen+for+lease/k0c9296,1.0,,,AU,,,Mixed,0,2025-11-06,"Business For Sale (1); Office Space & Commercial (1). Location. Australian ... 2A Hay Street, Bowen, Queensland 4805.",,0.295,"{'margin': 0.0, 'price_to_ebitda': 0, 'recency': 1.0, 'freehold': 0.3, 'category': 0.5, 'proximity': 0.5}"
Gumtree-5763811,56 Results: Business For Sale in Australia - Gumtree,Mixed,Gumtree,https://www.gumtree.com.au/s-business-for-sale/businesstype-retail/c18468r188?view=gallery&price-type=fixed,56.0,,,AU,,,Mixed,0,2025-11-06,Find Business For Sale ad on Gumtree. Buy or sell a Business and almost anything on Gumtree classifieds.,,0.295,"{'margin': 0.0, 'price_to_ebitda': 0, 'recency': 1.0, 'freehold': 0.3, 'category': 0.5, 'proximity': 0.5}"
Gumtree-2179879,"25 Results: Business For Sale in Warwick 4370, QLD - Gumtree",Mixed,Gumtree,https://www.gumtree.com.au/s-business-for-sale/warwick-toowoomba/businesstype-services/c18468l3006605r500,437.0,,,AU,,,Mixed,0,2025-11-06,"Find Business For Sale ads in Warwick 4370, QLD. Buy and sell almost anything on Gumtree classifieds.",,0.295,"{'margin': 0.0, 'price_to_ebitda': 0, 'recency': 1.0, 'freehold': 0.3, 'category': 0.5, 'proximity': 0.5}"
Gumtree-3877589,16 Results: freehold in Australia - Business For Sale - Gumtree,Mixed,Gumtree,https://www.gumtree.com.au/s-business-for-sale/freehold/k0c18468,16.0,,,AU,,,Mixed,0,2025-11-06,Find freehold ads in our Business For Sale category. Buy and sell almost anything on Gumtree classifieds.,,0.295,"{'margin': 0.0, 'price_to_ebitda': 0, 'recency': 1.0, 'freehold': 0.3, 'category': 0.5, 'proximity': 0.5}"
Gumtree-1200381,Business For Sale | Gumtree Australia Local Classifieds,Mixed,Gumtree,https://www.gumtree.com.au/s-business-for-sale/c18468r5,,,,AU,,,Mixed,0,2025-11-06,Find Business For Sale ad on Gumtree. Buy or sell a Business and almost anything on Gumtree classifieds.,,0.295,"{'margin': 0.0, 'price_to_ebitda': 0, 'recency': 1.0, 'freehold': 0.3, 'category': 0.5, 'proximity': 0.5}"
Gumtree-379472,car wash sale | Real Estate | Gumtree Australia Local Classifieds,Mixed,Gumtree,https://www.gumtree.com.au/s-real-estate/car+wash+sale/k0c9296,,,,AU,,,Mixed,0,2025-11-06,Carwash Business For Sale. Car Wash Business For Sale In Langwarrin. Part Of A Busy Shopping Centre with a high traffic and regular client base.,,0.295,"{'margin': 0.0, 'price_to_ebitda': 0, 'recency': 1.0, 'freehold': 0.3, 'category': 0.5, 'proximity': 0.5}"
Gumtree-9455138,"8 Results: car wash good in Brisbane Region, QLD - Gumtree",Mixed,Gumtree,https://www.gumtree.com.au/s-brisbane/car+wash+good/k0l3005721,1.0,,,AU,,,Mixed,0,2025-11-06,"Cleaning Business for sale - N. V. Professional Cleaner ; 1/45 Greensill Road, Albany Creek, Queensland 4035. Agency; 2 Bathrooms; 3 Bedrooms.",,0.295,"{'margin': 0.0, 'price_to_ebitda': 0, 'recency': 1.0, 'freehold': 0.3, 'category': 0.5, 'proximity': 0.5}"
Gumtree-6204840,12 Results: cleaning business for sale in Queensland - Gumtree,Mixed,Gumtree,https://www.gumtree.com.au/s-business-for-sale/qld/cleaning+business+for+sale/k0c18468l3008841,4000.0,,,AU,,,Mixed,0,2025-11-06,"Small House Cleaning Business for Sale – Brisbane (Northside) · $4,000 ; Cleaning Business for sale Warner · $3,500 ; Air BnB Host Management Business Cairns FNQ.",,0.295,"{'margin': 0.0, 'price_to_ebitda': 0, 'recency': 1.0, 'freehold': 0.3, 'category': 0.5, 'proximity': 0.5}"
Gumtree-5847346,"cleaning business for sale in Central QLD Region, QLD | Business ...",Mixed,Gumtree,https://www.gumtree.com.au/s-business-for-sale/central-qld/cleaning+business+for+sale/k0c18468l3005170,,,,AU,,,Mixed,0,2025-11-06,"Find cleaning business for sale ads in our Business For Sale category from Central QLD Region, QLD. Buy and sell almost anything on Gumtree classifieds.",,0.295,"{'margin': 0.0, 'price_to_ebitda': 0, 'recency': 1.0, 'freehold': 0.3, 'category': 0.5, 'proximity': 0.5}"
Gumtree-7215641,car detailing business | Business For Sale - Gumtree,Mixed,Gumtree,https://www.gumtree.com.au/s-business-for-sale/car+detailing+business/k0c18468,19500.0,,,AU,,,Mixed,0,2025-11-06,"Mobile car detailing business for sale · $19,500 · Clarkson, WA6d ; Car Detailing Business · $30,000. Caloundra West, QLD3w ; Car Detailing Business · $9,999.",,0.295,"{'margin': 0.0, 'price_to_ebitda': 0, 'recency': 1.0, 'freehold': 0.3, 'category': 0.5, 'proximity': 0.5}"
Gumtree-7937419,cleaning in Queensland | Business For Sale - Gumtree,Mixed,Gumtree,https://www.gumtree.com.au/s-business-for-sale/qld/cleaning/k0c18468l3008841,195000.0,,,AU,,,Mixed,0,2025-11-06,"Bin Cleaning Franchise · $195,000 ; Small House Cleaning Business for Sale – Brisbane (Northside) · $4,000 ; Carpet cleaning business · $88,000Negotiable.",,0.295,"{'margin': 0.0, 'price_to_ebitda': 0, 'recency': 1.0, 'freehold': 0.3, 'category': 0.5, 'proximity': 0.5}"
Gumtree-8946110,pressure cleaning business for sale in Queensland - Gumtree,Mixed,Gumtree,https://www.gumtree.com.au/s-business-for-sale/qld/pressure+cleaning+business+for+sale/k0c18468l3008841,,,,AU,,,Mixed,0,2025-11-06,Find pressure cleaning business for sale ads in our Business For Sale category from Queensland. Buy and sell almost anything on Gumtree classifieds.,,0.295,"{'margin': 0.0, 'price_to_ebitda': 0, 'recency': 1.0, 'freehold': 0.3, 'category': 0.5, 'proximity': 0.5}"
Gumtree-1887281,59 Results: car wash for sale in Australia - Real Estate - Gumtree,Mixed,Gumtree,https://www.gumtree.com.au/s-real-estate/car+wash+for+sale/k0c9296,42.0,,,AU,,,Mixed,0,2025-11-06,"Business for Sale – N.V. Professional Cleaners (Brisbane) Location ... 42/181 Brays Road, Griffin ...",,0.295,"{'margin': 0.0, 'price_to_ebitda': 0, 'recency': 1.0, 'freehold': 0.3, 'category': 0.5, 'proximity': 0.5}"
Gumtree-9995777,"Business For Sale - Brisbane, QLD - Gumtree Australia",Mixed,Gumtree,https://www.gumtree.com.au/s-business-for-sale/brisbane/businesstype-automotive/c18468l3005721,,,,AU,,,Mixed,0,2025-11-06,"Find a Business For Sale in Brisbane, QLD. Buy and sell a Business and almost anything on Gumtree Australia.",,0.295,"{'margin': 0.0, 'price_to_ebitda': 0, 'recency': 1.0, 'freehold': 0.3, 'category': 0.5, 'proximity': 0.5}"
Gumtree-6050949,"cleaning in Brisbane Region, QLD | Business For Sale",Mixed,Gumtree,https://www.gumtree.com.au/s-business-for-sale/brisbane/cleaning/k0c18468l3005721,,,,AU,,,Mixed,0,2025-11-06,"Find cleaning ads in our Business For Sale category from Brisbane Region, QLD. Buy and sell almost anything on Gumtree classifieds.",,0.295,"{'margin': 0.0, 'price_to_ebitda': 0, 'recency': 1.0, 'freehold': 0.3, 'category': 0.5, 'proximity': 0.5}"
